Datetime,open,high,low,close,volume
2021-06-14 09:15:00+05:30,969.9500122070312,975.4500122070312,969.9500122070312,975.0,0
2021-06-14 09:16:00+05:30,978.6500244140625,989.7999877929688,978.6500244140625,989.7999877929688,9013
2021-06-14 09:17:00+05:30,989.0,989.5,980.7999877929688,988.3499755859375,11234
2021-06-14 09:18:00+05:30,989.7000122070312,989.7000122070312,982.9500122070312,985.0,14161
2021-06-14 09:19:00+05:30,985.0,985.0,976.9500122070312,977.9500122070312,10559
2021-06-14 09:20:00+05:30,980.0,980.0,973.0,973.6500244140625,8678
2021-06-14 09:21:00+05:30,974.0499877929688,977.9500122070312,974.0499877929688,976.75,4950
2021-06-14 09:22:00+05:30,975.5499877929688,978.0,975.5499877929688,977.0,3433
2021-06-14 09:23:00+05:30,977.0,980.0,977.0,977.9000244140625,5480
2021-06-14 09:24:00+05:30,978.7999877929688,979.4000244140625,977.9500122070312,978.5499877929688,3024
2021-06-14 09:25:00+05:30,979.25,980.0,977.2000122070312,977.9500122070312,4301
2021-06-14 09:26:00+05:30,977.4500122070312,978.0,965.0499877929688,965.0499877929688,11425
2021-06-14 09:27:00+05:30,963.7999877929688,963.8499755859375,957.0,961.4500122070312,8269
2021-06-14 09:28:00+05:30,962.7000122070312,969.7000122070312,961.0999755859375,968.4000244140625,5659
2021-06-14 09:29:00+05:30,973.25,973.25,968.1500244140625,969.9500122070312,5119
2021-06-14 09:30:00+05:30,968.1500244140625,968.1500244140625,962.5999755859375,964.9500122070312,5850
2021-06-14 09:31:00+05:30,964.5,965.5999755859375,958.7000122070312,958.7000122070312,8836
2021-06-14 09:32:00+05:30,957.0499877929688,962.9000244140625,957.0499877929688,960.0,6773
2021-06-14 09:33:00+05:30,959.7999877929688,960.0,949.3499755859375,949.3499755859375,11151
2021-06-14 09:34:00+05:30,949.9500122070312,954.7999877929688,947.3499755859375,950.2999877929688,4187
2021-06-14 09:35:00+05:30,951.2000122070312,958.0,951.0,958.0,3714
2021-06-14 09:36:00+05:30,956.7999877929688,958.9500122070312,955.8499755859375,958.9500122070312,1584
2021-06-14 09:37:00+05:30,959.0,968.0999755859375,959.0,968.0,6710
2021-06-14 09:38:00+05:30,970.3499755859375,970.3499755859375,963.0,964.9500122070312,3498
2021-06-14 09:39:00+05:30,965.0499877929688,969.6500244140625,963.0,969.6500244140625,4583
2021-06-14 09:40:00+05:30,970.7999877929688,970.7999877929688,964.9500122070312,964.9500122070312,3935
2021-06-14 09:41:00+05:30,965.0,969.6500244140625,964.1500244140625,967.0,2546
2021-06-14 09:42:00+05:30,968.9500122070312,970.0,967.0,970.0,8405
2021-06-14 09:43:00+05:30,970.0,976.4500122070312,968.25,976.4500122070312,7060
2021-06-14 09:44:00+05:30,976.0,976.4500122070312,971.8499755859375,974.0,3863
2021-06-14 09:45:00+05:30,974.0,979.5,973.9500122070312,977.0,13539
2021-06-14 09:46:00+05:30,976.2000122070312,978.4000244140625,976.0,977.8499755859375,2765
2021-06-14 09:47:00+05:30,977.9500122070312,984.0,977.9500122070312,982.75,6342
2021-06-14 09:48:00+05:30,982.1500244140625,984.7999877929688,982.0,984.7999877929688,13566
2021-06-14 09:49:00+05:30,984.0,986.6500244140625,983.0499877929688,986.6500244140625,12443
2021-06-14 09:50:00+05:30,986.0,990.0,985.25,986.6500244140625,15535
2021-06-14 09:51:00+05:30,986.5999755859375,987.9000244140625,982.1500244140625,986.0,8301
2021-06-14 09:52:00+05:30,986.0,990.0,985.0,989.0,11072
2021-06-14 09:53:00+05:30,987.3499755859375,989.0499877929688,984.2000122070312,984.3499755859375,5221
2021-06-14 09:54:00+05:30,984.0499877929688,988.0,984.0,984.0,3710
2021-06-14 09:55:00+05:30,985.0,985.4500122070312,982.0999755859375,982.0999755859375,2019
2021-06-14 09:56:00+05:30,982.0999755859375,985.6500244140625,977.0499877929688,985.6500244140625,8874
2021-06-14 09:57:00+05:30,986.6500244140625,987.5499877929688,983.0,983.4500122070312,3729
2021-06-14 09:58:00+05:30,983.7000122070312,984.75,982.0999755859375,983.7000122070312,1296
2021-06-14 09:59:00+05:30,982.3499755859375,983.9500122070312,977.0,981.3499755859375,2802
2021-06-14 10:00:00+05:30,979.9500122070312,982.5,978.0,982.0,2077
2021-06-14 10:01:00+05:30,980.5999755859375,982.4000244140625,979.5499877929688,980.2000122070312,1533
2021-06-14 10:02:00+05:30,982.0,984.75,979.7999877929688,984.4000244140625,2481
2021-06-14 10:03:00+05:30,984.4000244140625,986.9000244140625,984.0,984.1500244140625,6942
2021-06-14 10:04:00+05:30,984.2000122070312,985.7999877929688,983.0,983.0,1995
2021-06-14 10:05:00+05:30,984.3499755859375,985.3499755859375,983.0,984.75,466
2021-06-14 10:06:00+05:30,983.25,984.7000122070312,981.2000122070312,981.2000122070312,795
2021-06-14 10:07:00+05:30,982.0,982.0,979.0999755859375,979.0999755859375,1202
2021-06-14 10:08:00+05:30,979.0999755859375,979.5,978.0,979.0,1184
2021-06-14 10:09:00+05:30,979.4500122070312,979.5999755859375,977.3499755859375,977.3499755859375,1410
2021-06-14 10:10:00+05:30,977.2999877929688,979.0,976.0,977.25,2622
2021-06-14 10:11:00+05:30,976.4000244140625,981.0,976.3499755859375,980.7999877929688,1833
2021-06-14 10:12:00+05:30,979.0,981.0,978.0999755859375,979.7999877929688,1461
2021-06-14 10:13:00+05:30,979.9500122070312,980.0,977.0,980.0,856
2021-06-14 10:14:00+05:30,978.5,982.0,978.5,982.0,963
2021-06-14 10:15:00+05:30,981.2999877929688,985.7000122070312,981.25,985.7000122070312,4195
2021-06-14 10:16:00+05:30,985.2999877929688,989.0,985.2999877929688,988.75,7410
2021-06-14 10:17:00+05:30,988.3499755859375,997.9500122070312,988.2999877929688,994.4000244140625,24520
2021-06-14 10:18:00+05:30,993.25,998.0,993.0,998.0,11823
2021-06-14 10:19:00+05:30,998.7000122070312,1000.0,996.0499877929688,998.4000244140625,23911
2021-06-14 10:20:00+05:30,998.4000244140625,1007.0,998.0,1005.0999755859375,25739
2021-06-14 10:21:00+05:30,1005.3499755859375,1009.4500122070312,1003.0,1003.5999755859375,19351
2021-06-14 10:22:00+05:30,1003.5999755859375,1009.0,1002.4000244140625,1007.5,16991
2021-06-14 10:23:00+05:30,1005.25,1017.8499755859375,1005.25,1011.0,31558
2021-06-14 10:24:00+05:30,1011.0,1016.9500122070312,1009.2999877929688,1013.9500122070312,15211
2021-06-14 10:25:00+05:30,1012.5999755859375,1014.7999877929688,1007.0,1010.9000244140625,16437
2021-06-14 10:26:00+05:30,1011.1500244140625,1019.8499755859375,1011.0,1019.8499755859375,22701
2021-06-14 10:27:00+05:30,1019.2999877929688,1019.9000244140625,1011.0,1012.2999877929688,13373
2021-06-14 10:28:00+05:30,1012.2999877929688,1013.5499877929688,1007.0999755859375,1010.75,14175
2021-06-14 10:29:00+05:30,1012.0,1015.0,1010.4000244140625,1012.2000122070312,7844
2021-06-14 10:30:00+05:30,1010.8499755859375,1017.4000244140625,1010.8499755859375,1016.9000244140625,13754
2021-06-14 10:31:00+05:30,1016.8499755859375,1017.9000244140625,1011.1500244140625,1012.9500122070312,7061
2021-06-14 10:32:00+05:30,1011.1500244140625,1012.4500122070312,1008.0,1012.0,6702
2021-06-14 10:33:00+05:30,1012.7999877929688,1015.0,1010.9500122070312,1012.2000122070312,5103
2021-06-14 10:34:00+05:30,1013.2999877929688,1014.0,1010.9000244140625,1010.9000244140625,3572
2021-06-14 10:35:00+05:30,1010.7000122070312,1011.0,1007.5,1009.2999877929688,9875
2021-06-14 10:36:00+05:30,1009.0499877929688,1011.0999755859375,1002.4500122070312,1004.0499877929688,11717
2021-06-14 10:37:00+05:30,1004.0999755859375,1008.3499755859375,1003.0,1008.3499755859375,5495
2021-06-14 10:38:00+05:30,1009.0,1010.0,1006.5499877929688,1006.9500122070312,2796
2021-06-14 10:39:00+05:30,1008.0,1008.0,1003.0,1003.0,4224
2021-06-14 10:40:00+05:30,1002.5,1003.5499877929688,992.2999877929688,994.0,24984
2021-06-14 10:41:00+05:30,994.6500244140625,997.4000244140625,986.8499755859375,993.0499877929688,18279
2021-06-14 10:42:00+05:30,994.5,999.0,993.7000122070312,999.0,4920
2021-06-14 10:43:00+05:30,999.0,999.0,994.4500122070312,995.0,8564
2021-06-14 10:44:00+05:30,995.4000244140625,995.5499877929688,989.0,992.0,8069
2021-06-14 10:45:00+05:30,992.0,992.0,989.5,991.5,6021
2021-06-14 10:46:00+05:30,991.5,991.5,983.0,984.4500122070312,12665
2021-06-14 10:47:00+05:30,983.2999877929688,988.0,983.2999877929688,988.0,4501
2021-06-14 10:48:00+05:30,987.2999877929688,992.0,986.0499877929688,992.0,4219
2021-06-14 10:49:00+05:30,992.5,994.0,991.4000244140625,991.4000244140625,3165
2021-06-14 10:50:00+05:30,991.4000244140625,992.7000122070312,990.4000244140625,992.0,1615
2021-06-14 10:51:00+05:30,991.0,993.0,990.25,992.6500244140625,2354
2021-06-14 10:52:00+05:30,992.0,993.0,991.5,992.0,1701
2021-06-14 10:53:00+05:30,991.5499877929688,992.4000244140625,990.0,992.0,938
2021-06-14 10:54:00+05:30,991.0499877929688,992.4500122070312,989.0,989.0,816
2021-06-14 10:55:00+05:30,989.0999755859375,989.0999755859375,985.0,987.75,2308
2021-06-14 10:56:00+05:30,986.4000244140625,989.25,986.0,988.25,2475
2021-06-14 10:57:00+05:30,987.2999877929688,988.7999877929688,985.0499877929688,986.1500244140625,3337
2021-06-14 10:58:00+05:30,987.5999755859375,988.2000122070312,984.7000122070312,988.2000122070312,3014
2021-06-14 10:59:00+05:30,988.5499877929688,988.7999877929688,986.4500122070312,988.5999755859375,1074
2021-06-14 11:00:00+05:30,988.7999877929688,988.7999877929688,986.1500244140625,986.2999877929688,1065
2021-06-14 11:01:00+05:30,987.2999877929688,987.9500122070312,985.0,986.3499755859375,2007
2021-06-14 11:02:00+05:30,985.0499877929688,986.75,983.2999877929688,983.8499755859375,2849
2021-06-14 11:03:00+05:30,982.5,985.0,982.0,985.0,3045
2021-06-14 11:04:00+05:30,985.0,986.0,982.0,982.0999755859375,2157
2021-06-14 11:05:00+05:30,982.0999755859375,985.5499877929688,982.0999755859375,982.8499755859375,1747
2021-06-14 11:06:00+05:30,982.5,985.0999755859375,982.5,983.7999877929688,787
2021-06-14 11:07:00+05:30,983.7999877929688,986.0499877929688,983.7999877929688,985.9500122070312,1901
2021-06-14 11:08:00+05:30,984.7999877929688,986.0,982.5999755859375,983.0,2418
2021-06-14 11:09:00+05:30,982.5,983.3499755859375,978.5499877929688,979.6500244140625,10932
2021-06-14 11:10:00+05:30,979.6500244140625,983.4000244140625,979.6500244140625,982.0,1314
2021-06-14 11:11:00+05:30,981.9500122070312,982.0,980.0,981.1500244140625,2435
2021-06-14 11:12:00+05:30,979.25,981.5,979.25,980.0,1938
2021-06-14 11:13:00+05:30,979.25,982.0,978.2999877929688,982.0,2540
2021-06-14 11:14:00+05:30,983.0,984.9500122070312,982.7999877929688,983.0,1098
2021-06-14 11:15:00+05:30,982.8499755859375,986.0,982.25,986.0,1430
2021-06-14 11:16:00+05:30,987.4000244140625,988.0,985.5499877929688,985.5499877929688,2793
2021-06-14 11:17:00+05:30,985.5499877929688,987.9000244140625,985.5499877929688,987.9000244140625,1013
2021-06-14 11:18:00+05:30,986.2000122070312,987.7999877929688,986.0999755859375,987.0999755859375,4136
2021-06-14 11:19:00+05:30,987.7999877929688,987.7999877929688,986.1500244140625,987.0,1591
2021-06-14 11:20:00+05:30,986.9500122070312,987.4500122070312,986.5,986.5499877929688,616
2021-06-14 11:21:00+05:30,987.0499877929688,987.0499877929688,981.9500122070312,981.9500122070312,2308
2021-06-14 11:22:00+05:30,983.5999755859375,986.0,981.7999877929688,986.0,1010
2021-06-14 11:23:00+05:30,985.5,986.9000244140625,984.7999877929688,986.9000244140625,471
2021-06-14 11:24:00+05:30,986.9000244140625,987.25,985.25,987.25,277
2021-06-14 11:25:00+05:30,985.0,986.7999877929688,985.0,986.0,815
2021-06-14 11:26:00+05:30,985.6500244140625,986.7999877929688,985.0499877929688,985.8499755859375,447
2021-06-14 11:27:00+05:30,986.75,987.25,985.9000244140625,985.9500122070312,146
2021-06-14 11:28:00+05:30,985.9500122070312,988.4000244140625,985.9500122070312,988.4000244140625,2187
2021-06-14 11:29:00+05:30,987.75,988.7999877929688,987.0499877929688,988.7000122070312,2942
2021-06-14 11:30:00+05:30,988.7000122070312,989.9500122070312,988.5,989.9500122070312,1199
2021-06-14 11:31:00+05:30,989.0,992.0,988.7000122070312,990.6500244140625,4389
2021-06-14 11:32:00+05:30,992.0,993.9000244140625,990.6500244140625,993.5,2569
2021-06-14 11:33:00+05:30,993.5,994.3499755859375,993.0499877929688,993.5,2629
2021-06-14 11:34:00+05:30,993.0499877929688,993.7999877929688,989.1500244140625,991.5,3223
2021-06-14 11:35:00+05:30,990.5499877929688,992.5,989.1500244140625,989.3499755859375,1648
2021-06-14 11:36:00+05:30,989.4000244140625,993.5,989.4000244140625,993.5,1529
2021-06-14 11:37:00+05:30,993.5,993.75,991.4500122070312,993.75,740
2021-06-14 11:38:00+05:30,992.4000244140625,993.7999877929688,991.8499755859375,992.5,1236
2021-06-14 11:39:00+05:30,992.0999755859375,993.0,990.0,991.7999877929688,1797
2021-06-14 11:40:00+05:30,991.7999877929688,991.7999877929688,987.2999877929688,988.4500122070312,1876
2021-06-14 11:41:00+05:30,989.2000122070312,989.2000122070312,987.4000244140625,988.7999877929688,1666
2021-06-14 11:42:00+05:30,987.9500122070312,988.6500244140625,983.9500122070312,983.9500122070312,2433
2021-06-14 11:43:00+05:30,983.75,986.2000122070312,983.7000122070312,985.6500244140625,1634
2021-06-14 11:44:00+05:30,985.6500244140625,986.25,984.8499755859375,985.0,648
2021-06-14 11:45:00+05:30,985.0,986.1500244140625,984.0,986.1500244140625,1345
2021-06-14 11:46:00+05:30,986.1500244140625,987.7000122070312,984.75,986.5,919
2021-06-14 11:47:00+05:30,987.7000122070312,989.6500244140625,987.5,988.8499755859375,2811
2021-06-14 11:48:00+05:30,988.2999877929688,988.3499755859375,986.5,986.5,67
2021-06-14 11:49:00+05:30,986.5,987.75,986.5,987.75,213
2021-06-14 11:50:00+05:30,987.0499877929688,987.5,986.1500244140625,986.2999877929688,405
2021-06-14 11:51:00+05:30,987.0,987.0,987.0,987.0,145
2021-06-14 11:52:00+05:30,987.0,988.4000244140625,987.0,987.5,206
2021-06-14 11:53:00+05:30,987.5499877929688,987.5499877929688,986.5,986.5,400
2021-06-14 11:54:00+05:30,986.0499877929688,986.8499755859375,985.5,986.8499755859375,283
2021-06-14 11:55:00+05:30,985.5499877929688,986.5499877929688,985.5,985.5,104
2021-06-14 11:56:00+05:30,985.5,989.5499877929688,985.5,989.5499877929688,1215
2021-06-14 11:57:00+05:30,989.9000244140625,989.9000244140625,987.25,987.25,427
2021-06-14 11:58:00+05:30,987.25,987.25,986.1500244140625,986.1500244140625,679
2021-06-14 11:59:00+05:30,986.1500244140625,986.4500122070312,985.0,985.5499877929688,1612
2021-06-14 12:00:00+05:30,986.5499877929688,986.9000244140625,985.25,985.5,919
2021-06-14 12:01:00+05:30,985.2000122070312,988.5999755859375,985.2000122070312,988.5999755859375,907
2021-06-14 12:02:00+05:30,986.9000244140625,988.0,986.5,987.0,169
2021-06-14 12:03:00+05:30,987.0,988.0,986.5,986.7000122070312,472
2021-06-14 12:04:00+05:30,986.6500244140625,986.8499755859375,985.5,985.5,1843
2021-06-14 12:05:00+05:30,985.5,987.0,985.0499877929688,986.0,310
2021-06-14 12:06:00+05:30,985.7999877929688,987.7999877929688,985.7999877929688,986.9500122070312,1762
2021-06-14 12:07:00+05:30,986.25,987.0,986.25,986.3499755859375,0
2021-06-14 12:08:00+05:30,986.2999877929688,987.5999755859375,986.0,986.0,806
2021-06-14 12:09:00+05:30,986.1500244140625,987.2999877929688,986.0,986.0,227
2021-06-14 12:10:00+05:30,987.0,987.5999755859375,986.2999877929688,986.6500244140625,219
2021-06-14 12:11:00+05:30,987.5,988.0,986.5,986.5,771
2021-06-14 12:12:00+05:30,986.5,987.5499877929688,986.25,986.25,204
2021-06-14 12:13:00+05:30,986.25,987.25,986.0,986.0999755859375,95
2021-06-14 12:14:00+05:30,987.7999877929688,987.7999877929688,986.4000244140625,986.5499877929688,218
2021-06-14 12:15:00+05:30,986.5999755859375,988.0,986.5999755859375,988.0,355
2021-06-14 12:16:00+05:30,987.7999877929688,989.0499877929688,987.7999877929688,989.0499877929688,571
2021-06-14 12:17:00+05:30,990.0,990.0,989.3499755859375,989.4500122070312,1625
2021-06-14 12:18:00+05:30,989.4000244140625,989.9000244140625,988.5499877929688,988.75,446
2021-06-14 12:19:00+05:30,987.8499755859375,988.0,986.6500244140625,988.0,1271
2021-06-14 12:20:00+05:30,986.5,988.0,986.5,987.7000122070312,444
2021-06-14 12:21:00+05:30,986.75,989.0,986.75,989.0,1420
2021-06-14 12:22:00+05:30,989.0,989.9500122070312,988.2000122070312,988.2000122070312,744
2021-06-14 12:23:00+05:30,988.2999877929688,989.6500244140625,988.0,988.3499755859375,311
2021-06-14 12:24:00+05:30,988.4500122070312,989.6500244140625,987.3499755859375,988.0,1206
2021-06-14 12:25:00+05:30,988.0,991.7000122070312,988.0,991.7000122070312,2032
2021-06-14 12:26:00+05:30,992.5,993.4000244140625,989.9000244140625,992.0,2418
2021-06-14 12:27:00+05:30,992.0,993.1500244140625,990.9500122070312,992.0,778
2021-06-14 12:28:00+05:30,991.7999877929688,993.0,990.3499755859375,991.7000122070312,1123
2021-06-14 12:29:00+05:30,990.9000244140625,992.0,990.9000244140625,991.9500122070312,386
2021-06-14 12:30:00+05:30,991.0,991.8499755859375,988.7000122070312,990.25,1618
2021-06-14 12:31:00+05:30,989.3499755859375,992.0,989.2000122070312,991.0,443
2021-06-14 12:32:00+05:30,990.0,991.0,989.5,990.0,494
2021-06-14 12:33:00+05:30,989.0,991.4500122070312,989.0,991.4000244140625,768
2021-06-14 12:34:00+05:30,991.4000244140625,992.4000244140625,991.4000244140625,992.4000244140625,1448
2021-06-14 12:35:00+05:30,991.5499877929688,992.5,991.4000244140625,992.4500122070312,1732
2021-06-14 12:36:00+05:30,992.4500122070312,999.0,992.0,997.75,8950
2021-06-14 12:37:00+05:30,998.75,999.0,995.7999877929688,998.3499755859375,6232
2021-06-14 12:38:00+05:30,997.0499877929688,999.2000122070312,996.7000122070312,999.1500244140625,3315
2021-06-14 12:39:00+05:30,999.2000122070312,1005.0,999.1500244140625,1005.0,12761
2021-06-14 12:40:00+05:30,1005.0,1006.0,998.0,999.0,7455
2021-06-14 12:41:00+05:30,998.0,1003.9500122070312,998.0,1002.1500244140625,4285
2021-06-14 12:42:00+05:30,1002.0499877929688,1002.9000244140625,1000.5,1001.0499877929688,2065
2021-06-14 12:43:00+05:30,1001.0499877929688,1002.7999877929688,1001.0,1001.1500244140625,2739
2021-06-14 12:44:00+05:30,1002.2999877929688,1002.2999877929688,996.0,996.6500244140625,1878
2021-06-14 12:45:00+05:30,997.0999755859375,997.0999755859375,992.0,995.0,2983
2021-06-14 12:46:00+05:30,996.0,996.9000244140625,995.0,996.7999877929688,1515
2021-06-14 12:47:00+05:30,996.7999877929688,999.6500244140625,996.7999877929688,997.9000244140625,1272
2021-06-14 12:48:00+05:30,996.8499755859375,999.0,996.8499755859375,999.0,661
2021-06-14 12:49:00+05:30,997.75,999.0,997.5499877929688,999.0,712
2021-06-14 12:50:00+05:30,998.0499877929688,998.0499877929688,995.2999877929688,995.2999877929688,1867
2021-06-14 12:51:00+05:30,995.0999755859375,997.1500244140625,995.0999755859375,996.0,479
2021-06-14 12:52:00+05:30,995.3499755859375,996.0,993.5,993.5,941
2021-06-14 12:53:00+05:30,993.6500244140625,996.9000244140625,993.5,996.75,1169
2021-06-14 12:54:00+05:30,995.5,996.75,994.5499877929688,995.9000244140625,449
2021-06-14 12:55:00+05:30,994.7000122070312,995.7000122070312,994.5999755859375,994.7000122070312,66
2021-06-14 12:56:00+05:30,994.7000122070312,995.3499755859375,992.6500244140625,992.7000122070312,1429
2021-06-14 12:57:00+05:30,992.7000122070312,994.0499877929688,992.7000122070312,994.0,407
2021-06-14 12:58:00+05:30,993.1500244140625,994.0,992.1500244140625,993.5499877929688,805
2021-06-14 12:59:00+05:30,992.25,993.75,991.2999877929688,991.2999877929688,1126
2021-06-14 13:00:00+05:30,993.2000122070312,996.9000244140625,993.2000122070312,996.9000244140625,684
2021-06-14 13:01:00+05:30,995.6500244140625,996.9500122070312,995.5999755859375,996.75,285
2021-06-14 13:02:00+05:30,996.75,996.8499755859375,995.0,995.0,1421
2021-06-14 13:03:00+05:30,995.0,995.9500122070312,992.2000122070312,994.0499877929688,1062
2021-06-14 13:04:00+05:30,995.0,996.0,993.5499877929688,996.0,1494
2021-06-14 13:05:00+05:30,995.9500122070312,995.9500122070312,995.0,995.0,139
2021-06-14 13:06:00+05:30,995.0,995.7999877929688,995.0,995.7999877929688,323
2021-06-14 13:07:00+05:30,995.2000122070312,996.0,995.0,995.9500122070312,582
2021-06-14 13:08:00+05:30,995.7999877929688,996.7999877929688,995.7999877929688,996.4000244140625,287
2021-06-14 13:09:00+05:30,996.2000122070312,996.7999877929688,995.0,995.0,608
2021-06-14 13:10:00+05:30,995.7000122070312,995.7000122070312,995.0,995.0,260
2021-06-14 13:11:00+05:30,995.0,995.0,990.0,990.0,2020
2021-06-14 13:12:00+05:30,989.1500244140625,991.1500244140625,987.0,989.5,4288
2021-06-14 13:13:00+05:30,989.3499755859375,992.5499877929688,989.2000122070312,990.9000244140625,1981
2021-06-14 13:14:00+05:30,990.7999877929688,992.5999755859375,990.7999877929688,992.4000244140625,221
2021-06-14 13:15:00+05:30,991.25,992.5,991.2000122070312,992.1500244140625,495
2021-06-14 13:16:00+05:30,992.1500244140625,992.9000244140625,991.2999877929688,992.3499755859375,469
2021-06-14 13:17:00+05:30,991.4000244140625,991.5499877929688,990.0,990.0,924
2021-06-14 13:18:00+05:30,990.0,991.7000122070312,990.0,990.0,464
2021-06-14 13:19:00+05:30,990.0,990.5,990.0,990.0,517
2021-06-14 13:20:00+05:30,990.0,991.0,990.0,990.0,695
2021-06-14 13:21:00+05:30,989.9000244140625,989.9000244140625,988.0499877929688,989.0499877929688,884
2021-06-14 13:22:00+05:30,988.0999755859375,991.0999755859375,988.0999755859375,991.0999755859375,431
2021-06-14 13:23:00+05:30,989.5,991.0,988.7000122070312,990.3499755859375,558
2021-06-14 13:24:00+05:30,989.7000122070312,990.6500244140625,989.0499877929688,990.0,403
2021-06-14 13:25:00+05:30,990.0,990.8499755859375,988.0,988.0,4819
2021-06-14 13:26:00+05:30,988.0499877929688,990.2999877929688,988.0,988.0499877929688,409
2021-06-14 13:27:00+05:30,988.0999755859375,988.0999755859375,987.0,987.9000244140625,3179
2021-06-14 13:28:00+05:30,988.0,989.0999755859375,988.0,988.9500122070312,206
2021-06-14 13:29:00+05:30,988.0499877929688,988.9500122070312,988.0499877929688,988.0999755859375,234
2021-06-14 13:30:00+05:30,988.0,988.0,987.0,987.9000244140625,1486
2021-06-14 13:31:00+05:30,987.0499877929688,989.0,987.0,989.0,959
2021-06-14 13:32:00+05:30,990.0,991.8499755859375,989.2000122070312,991.8499755859375,333
2021-06-14 13:33:00+05:30,990.7000122070312,991.7999877929688,988.9500122070312,989.2999877929688,986
2021-06-14 13:34:00+05:30,989.3499755859375,991.75,989.3499755859375,989.5499877929688,691
2021-06-14 13:35:00+05:30,989.5499877929688,990.5,988.5,988.5,145
2021-06-14 13:36:00+05:30,988.5499877929688,989.0,987.0499877929688,987.2999877929688,355
2021-06-14 13:37:00+05:30,987.3499755859375,988.6500244140625,987.3499755859375,988.3499755859375,110
2021-06-14 13:38:00+05:30,989.0999755859375,990.2000122070312,988.0999755859375,988.0999755859375,421
2021-06-14 13:39:00+05:30,988.0999755859375,990.0,987.7000122070312,989.5999755859375,423
2021-06-14 13:40:00+05:30,988.8499755859375,988.8499755859375,988.5999755859375,988.5999755859375,166
2021-06-14 13:41:00+05:30,988.5999755859375,990.9000244140625,988.5999755859375,990.9000244140625,349
2021-06-14 13:42:00+05:30,990.9000244140625,991.8499755859375,990.1500244140625,991.0,869
2021-06-14 13:43:00+05:30,991.0,991.9000244140625,991.0,991.5,740
2021-06-14 13:44:00+05:30,991.0499877929688,991.5,991.0499877929688,991.4500122070312,256
2021-06-14 13:45:00+05:30,991.4500122070312,991.4500122070312,991.4000244140625,991.4000244140625,15
2021-06-14 13:46:00+05:30,991.0,991.5,990.0499877929688,990.0999755859375,223
2021-06-14 13:47:00+05:30,991.0,991.0,990.0,990.0,152
2021-06-14 13:48:00+05:30,990.0,990.0499877929688,989.5,990.0,359
2021-06-14 13:49:00+05:30,990.0,990.0,989.0499877929688,989.0499877929688,230
2021-06-14 13:50:00+05:30,989.0499877929688,989.9500122070312,989.0499877929688,989.9500122070312,169
2021-06-14 13:51:00+05:30,990.0,990.2000122070312,989.0499877929688,990.2000122070312,268
2021-06-14 13:52:00+05:30,990.6500244140625,990.6500244140625,989.5999755859375,989.5999755859375,20
2021-06-14 13:53:00+05:30,990.8499755859375,991.2000122070312,988.75,989.5999755859375,1684
2021-06-14 13:54:00+05:30,989.3499755859375,990.1500244140625,989.3499755859375,990.1500244140625,63
2021-06-14 13:55:00+05:30,990.0,990.0,988.0499877929688,988.0499877929688,591
2021-06-14 13:56:00+05:30,988.4500122070312,989.0499877929688,987.5499877929688,987.5499877929688,376
2021-06-14 13:57:00+05:30,988.8499755859375,988.9500122070312,987.5999755859375,988.4000244140625,97
2021-06-14 13:58:00+05:30,987.2999877929688,989.3499755859375,987.2999877929688,989.3499755859375,663
2021-06-14 13:59:00+05:30,989.5999755859375,989.5999755859375,987.4500122070312,988.5999755859375,331
2021-06-14 14:00:00+05:30,988.8499755859375,988.8499755859375,988.0,988.0,72
2021-06-14 14:01:00+05:30,988.2999877929688,989.0999755859375,988.2999877929688,989.0999755859375,647
2021-06-14 14:02:00+05:30,989.0999755859375,989.4000244140625,988.2000122070312,989.4000244140625,140
2021-06-14 14:03:00+05:30,989.0999755859375,989.75,988.2999877929688,988.5499877929688,342
2021-06-14 14:04:00+05:30,989.7000122070312,989.7000122070312,988.7000122070312,989.7000122070312,59
2021-06-14 14:05:00+05:30,989.9000244140625,989.9000244140625,989.0,989.0,148
2021-06-14 14:06:00+05:30,989.0,989.0499877929688,989.0,989.0499877929688,24
2021-06-14 14:07:00+05:30,989.0499877929688,989.7000122070312,989.0499877929688,989.7000122070312,169
2021-06-14 14:08:00+05:30,989.7000122070312,990.7000122070312,989.7000122070312,990.7000122070312,769
2021-06-14 14:09:00+05:30,990.9500122070312,990.9500122070312,990.9000244140625,990.9500122070312,109
2021-06-14 14:10:00+05:30,990.0999755859375,993.5,990.0999755859375,993.5,2745
2021-06-14 14:11:00+05:30,994.0,995.2000122070312,994.0,995.2000122070312,1334
2021-06-14 14:12:00+05:30,994.5499877929688,995.9500122070312,994.2999877929688,995.9500122070312,1720
2021-06-14 14:13:00+05:30,995.9500122070312,998.5999755859375,995.0,997.0999755859375,2513
2021-06-14 14:14:00+05:30,996.5,998.3499755859375,996.5,997.9500122070312,1222
2021-06-14 14:15:00+05:30,998.0999755859375,998.2999877929688,997.5,998.2999877929688,941
2021-06-14 14:16:00+05:30,998.3499755859375,1002.4000244140625,998.3499755859375,1002.0,7298
2021-06-14 14:17:00+05:30,1002.3499755859375,1002.3499755859375,997.3499755859375,998.7999877929688,3429
2021-06-14 14:18:00+05:30,997.7999877929688,998.8499755859375,995.0,995.0,1281
2021-06-14 14:19:00+05:30,996.1500244140625,996.1500244140625,993.7999877929688,994.9500122070312,763
2021-06-14 14:20:00+05:30,994.9000244140625,994.9000244140625,991.9500122070312,992.9000244140625,1348
2021-06-14 14:21:00+05:30,993.7999877929688,995.0,992.7999877929688,995.0,1527
2021-06-14 14:22:00+05:30,994.9000244140625,994.9000244140625,993.2999877929688,994.2999877929688,19
2021-06-14 14:23:00+05:30,994.2999877929688,994.2999877929688,993.25,993.25,194
2021-06-14 14:24:00+05:30,993.25,994.25,993.0,993.0,662
2021-06-14 14:25:00+05:30,993.0,994.2999877929688,993.0,993.4000244140625,677
2021-06-14 14:26:00+05:30,994.4500122070312,994.4500122070312,994.0,994.4500122070312,87
2021-06-14 14:27:00+05:30,994.4500122070312,994.4500122070312,992.4500122070312,993.75,646
2021-06-14 14:28:00+05:30,993.75,993.8499755859375,992.7000122070312,993.5999755859375,113
2021-06-14 14:29:00+05:30,992.0999755859375,993.1500244140625,992.0,992.0,177
2021-06-14 14:30:00+05:30,991.0,991.0499877929688,990.0,991.0,2046
2021-06-14 14:31:00+05:30,990.7000122070312,991.7000122070312,990.4000244140625,991.7000122070312,559
2021-06-14 14:32:00+05:30,991.7000122070312,992.2999877929688,991.7000122070312,992.2999877929688,23
2021-06-14 14:33:00+05:30,992.7000122070312,992.7000122070312,990.8499755859375,991.0499877929688,87
2021-06-14 14:34:00+05:30,992.0,992.0499877929688,990.5499877929688,991.7999877929688,451
2021-06-14 14:35:00+05:30,991.0,991.9500122070312,991.0,991.8499755859375,71
2021-06-14 14:37:00+05:30,993.25,993.5999755859375,992.5499877929688,993.4500122070312,447
2021-06-14 14:38:00+05:30,993.4500122070312,993.6500244140625,992.5999755859375,993.3499755859375,70
2021-06-14 14:39:00+05:30,993.3499755859375,993.3499755859375,991.4000244140625,991.75,464
2021-06-14 14:40:00+05:30,991.5,993.0,991.0,993.0,642
2021-06-14 14:41:00+05:30,992.0499877929688,993.0999755859375,991.2999877929688,991.9000244140625,641
2021-06-14 14:42:00+05:30,992.4000244140625,992.5,990.4500122070312,990.4500122070312,1044
2021-06-14 14:43:00+05:30,990.4500122070312,991.4500122070312,990.0,990.25,411
2021-06-14 14:44:00+05:30,991.5,991.5,990.0,990.2999877929688,618
2021-06-14 14:45:00+05:30,990.0499877929688,990.8499755859375,990.0499877929688,990.6500244140625,668
2021-06-14 14:46:00+05:30,990.0499877929688,990.0499877929688,988.0,988.0,972
2021-06-14 14:47:00+05:30,988.0,989.9000244140625,988.0,989.9000244140625,229
2021-06-14 14:48:00+05:30,990.0,990.0,988.0,988.0,969
2021-06-14 14:49:00+05:30,988.7999877929688,988.7999877929688,988.0,988.5499877929688,840
2021-06-14 14:50:00+05:30,989.9500122070312,989.9500122070312,988.5999755859375,989.0499877929688,98
2021-06-14 14:51:00+05:30,989.0499877929688,990.0,989.0499877929688,989.0499877929688,248
2021-06-14 14:52:00+05:30,989.75,989.9000244140625,989.75,989.9000244140625,168
2021-06-14 14:53:00+05:30,989.9000244140625,990.0,989.75,990.0,400
2021-06-14 14:54:00+05:30,989.7999877929688,989.7999877929688,989.0499877929688,989.7999877929688,244
2021-06-14 14:55:00+05:30,989.9000244140625,989.9000244140625,988.9500122070312,989.0499877929688,472
2021-06-14 14:56:00+05:30,988.9500122070312,989.0499877929688,988.2000122070312,988.2000122070312,162
2021-06-14 14:57:00+05:30,988.0999755859375,989.0,988.0999755859375,988.9000244140625,226
2021-06-14 14:58:00+05:30,988.2000122070312,989.0,988.0499877929688,988.1500244140625,766
2021-06-14 14:59:00+05:30,988.1500244140625,988.25,987.3499755859375,987.3499755859375,1466
2021-06-14 15:00:00+05:30,987.3499755859375,989.0499877929688,987.0999755859375,989.0499877929688,1884
2021-06-14 15:01:00+05:30,989.9500122070312,991.8499755859375,989.0499877929688,991.0,789
2021-06-14 15:02:00+05:30,989.6500244140625,990.9500122070312,989.0,990.5,1092
2021-06-14 15:03:00+05:30,990.0,990.25,988.7000122070312,988.7000122070312,1779
2021-06-14 15:04:00+05:30,989.25,989.25,988.5499877929688,988.5499877929688,406
2021-06-14 15:05:00+05:30,988.8499755859375,988.8499755859375,987.25,987.25,500
2021-06-14 15:06:00+05:30,988.4000244140625,989.9000244140625,987.4500122070312,988.2999877929688,1175
2021-06-14 15:07:00+05:30,988.9500122070312,989.25,987.6500244140625,988.9500122070312,420
2021-06-14 15:08:00+05:30,987.25,987.4000244140625,985.0,985.0,6952
2021-06-14 15:09:00+05:30,983.75,984.7000122070312,978.0,984.0,10226
2021-06-14 15:10:00+05:30,984.8499755859375,984.8499755859375,978.0,979.7000122070312,4174
2021-06-14 15:11:00+05:30,981.4000244140625,983.6500244140625,980.0,983.6500244140625,2319
2021-06-14 15:12:00+05:30,982.7000122070312,984.0,981.5999755859375,982.9000244140625,763
2021-06-14 15:13:00+05:30,983.0,983.0,980.0499877929688,980.0499877929688,1363
2021-06-14 15:14:00+05:30,980.0,981.7999877929688,978.3499755859375,978.4000244140625,3388
2021-06-14 15:15:00+05:30,979.75,980.0,976.9500122070312,977.5,4702
2021-06-14 15:16:00+05:30,977.75,979.5999755859375,975.0,978.7000122070312,6264
2021-06-14 15:17:00+05:30,978.7000122070312,979.7999877929688,973.0,974.8499755859375,5089
2021-06-14 15:18:00+05:30,975.75,975.9500122070312,972.0,974.4000244140625,3522
2021-06-14 15:19:00+05:30,974.5,976.0499877929688,973.25,975.0499877929688,1646
2021-06-14 15:20:00+05:30,975.0,976.8499755859375,974.4000244140625,976.0,3995
2021-06-14 15:21:00+05:30,976.0,979.6500244140625,972.2999877929688,974.2000122070312,8625
2021-06-14 15:22:00+05:30,975.5,976.9500122070312,974.2000122070312,976.9000244140625,866
2021-06-14 15:23:00+05:30,977.9500122070312,979.9000244140625,977.9000244140625,977.9000244140625,1877
2021-06-14 15:24:00+05:30,977.9000244140625,979.9000244140625,977.9000244140625,978.4000244140625,766
2021-06-14 15:25:00+05:30,979.0,980.0,978.25,979.0,995
2021-06-14 15:26:00+05:30,979.0,980.0,979.0,979.9000244140625,3592
2021-06-14 15:27:00+05:30,979.5,982.7000122070312,979.25,982.4500122070312,1426
2021-06-14 15:28:00+05:30,980.0,983.0499877929688,980.0,983.0,2754
2021-06-14 15:29:00+05:30,984.0,985.0,983.0,985.0,1848
2021-06-15 09:15:00+05:30,987.0,987.0,982.7000122070312,985.0,0
2021-06-15 09:16:00+05:30,985.0,990.0,985.0,989.7000122070312,3471
2021-06-15 09:17:00+05:30,988.25,994.8499755859375,988.25,992.0,3934
2021-06-15 09:18:00+05:30,991.9500122070312,996.0,989.5,989.75,8274
2021-06-15 09:19:00+05:30,990.5499877929688,992.4000244140625,988.0,992.4000244140625,4754
2021-06-15 09:20:00+05:30,992.9500122070312,999.5499877929688,992.9500122070312,997.0,4352
2021-06-15 09:21:00+05:30,995.5999755859375,998.0,995.5999755859375,997.0,1845
2021-06-15 09:22:00+05:30,996.4500122070312,999.4000244140625,996.4000244140625,998.5999755859375,4046
2021-06-15 09:23:00+05:30,998.5499877929688,998.5499877929688,991.8499755859375,991.8499755859375,6121
2021-06-15 09:24:00+05:30,991.8499755859375,993.5,990.0999755859375,991.0499877929688,5567
2021-06-15 09:25:00+05:30,992.5999755859375,992.5999755859375,990.0,991.2999877929688,4599
2021-06-15 09:26:00+05:30,991.0499877929688,993.3499755859375,991.0499877929688,993.0,620
2021-06-15 09:27:00+05:30,994.0999755859375,996.1500244140625,993.9000244140625,995.0499877929688,1754
2021-06-15 09:28:00+05:30,994.0999755859375,995.5,994.0,994.0,1015
2021-06-15 09:29:00+05:30,995.25,995.25,991.0499877929688,991.9000244140625,1487
2021-06-15 09:30:00+05:30,991.25,991.25,986.0999755859375,987.9000244140625,3191
2021-06-15 09:31:00+05:30,987.5499877929688,988.7000122070312,986.0,988.7000122070312,2242
2021-06-15 09:32:00+05:30,988.7000122070312,989.0499877929688,986.5,986.5,610
2021-06-15 09:33:00+05:30,986.5499877929688,988.0,985.6500244140625,985.6500244140625,1410
2021-06-15 09:34:00+05:30,985.6500244140625,985.6500244140625,982.2000122070312,985.0,4988
2021-06-15 09:35:00+05:30,985.0,987.2999877929688,984.25,986.2000122070312,990
2021-06-15 09:36:00+05:30,987.0,987.2000122070312,985.25,987.0,543
2021-06-15 09:37:00+05:30,986.0499877929688,987.5,986.0,987.0,659
2021-06-15 09:38:00+05:30,987.0,988.5999755859375,987.0,988.5999755859375,2933
2021-06-15 09:39:00+05:30,988.9000244140625,988.9500122070312,987.5499877929688,988.9000244140625,2059
2021-06-15 09:40:00+05:30,988.9000244140625,988.9000244140625,986.9000244140625,987.1500244140625,804
2021-06-15 09:41:00+05:30,984.5999755859375,986.0,984.1500244140625,985.1500244140625,3368
2021-06-15 09:42:00+05:30,985.1500244140625,986.2999877929688,984.25,986.2999877929688,449
2021-06-15 09:43:00+05:30,986.0,988.2999877929688,985.5,986.0,892
2021-06-15 09:44:00+05:30,987.25,987.4000244140625,986.1500244140625,986.1500244140625,503
2021-06-15 09:45:00+05:30,987.1500244140625,988.3499755859375,984.4500122070312,986.25,1314
2021-06-15 09:46:00+05:30,984.5,986.2000122070312,984.5,985.2000122070312,236
2021-06-15 09:47:00+05:30,985.2000122070312,986.9000244140625,984.5,984.5499877929688,687
2021-06-15 09:48:00+05:30,984.5499877929688,985.9000244140625,982.0,982.0499877929688,2684
2021-06-15 09:49:00+05:30,982.2999877929688,982.7000122070312,981.0,982.0,842
2021-06-15 09:50:00+05:30,982.0,984.0,982.0,983.5,455
2021-06-15 09:51:00+05:30,983.0999755859375,985.0,982.0,985.0,2347
2021-06-15 09:52:00+05:30,985.0499877929688,986.5999755859375,984.9000244140625,985.6500244140625,141
2021-06-15 09:53:00+05:30,987.2999877929688,987.9500122070312,986.0,986.0,826
2021-06-15 09:54:00+05:30,986.0499877929688,986.5,986.0,986.0499877929688,788
2021-06-15 09:55:00+05:30,986.0499877929688,987.5499877929688,986.0,987.5499877929688,540
2021-06-15 09:56:00+05:30,987.5499877929688,989.6500244140625,987.0,988.5999755859375,1049
2021-06-15 09:57:00+05:30,988.0,989.1500244140625,988.0,988.0499877929688,117
2021-06-15 09:58:00+05:30,988.0,989.0,988.0,988.3499755859375,539
2021-06-15 09:59:00+05:30,988.2999877929688,988.4500122070312,988.2999877929688,988.3499755859375,108
2021-06-15 10:00:00+05:30,988.3499755859375,988.3499755859375,986.5499877929688,986.5499877929688,1582
2021-06-15 10:01:00+05:30,985.5499877929688,985.9500122070312,985.0999755859375,985.9000244140625,206
2021-06-15 10:02:00+05:30,985.1500244140625,986.6500244140625,985.0999755859375,985.25,430
2021-06-15 10:03:00+05:30,985.25,987.0,985.0499877929688,985.9500122070312,251
2021-06-15 10:04:00+05:30,986.0499877929688,986.0499877929688,985.0,985.0,391
2021-06-15 10:05:00+05:30,985.0999755859375,985.4500122070312,982.4000244140625,982.4000244140625,489
2021-06-15 10:06:00+05:30,983.25,984.0999755859375,981.1500244140625,983.7999877929688,852
2021-06-15 10:07:00+05:30,982.9500122070312,983.9500122070312,982.5499877929688,983.0,99
2021-06-15 10:08:00+05:30,984.0,985.0999755859375,983.4000244140625,984.2000122070312,232
2021-06-15 10:09:00+05:30,984.0999755859375,984.6500244140625,983.5,983.8499755859375,200
2021-06-15 10:10:00+05:30,983.5999755859375,983.5999755859375,982.1500244140625,982.75,754
2021-06-15 10:11:00+05:30,982.75,985.0999755859375,982.5999755859375,983.0999755859375,318
2021-06-15 10:12:00+05:30,983.0,984.8499755859375,983.0,984.8499755859375,213
2021-06-15 10:13:00+05:30,983.2000122070312,984.25,983.0,984.0,411
2021-06-15 10:14:00+05:30,984.6500244140625,985.0499877929688,983.1500244140625,983.7000122070312,243
2021-06-15 10:15:00+05:30,983.7000122070312,984.7000122070312,983.0499877929688,983.5499877929688,228
2021-06-15 10:16:00+05:30,983.2999877929688,984.4500122070312,982.75,983.7000122070312,367
2021-06-15 10:17:00+05:30,983.5999755859375,984.3499755859375,982.5,983.0,171
2021-06-15 10:18:00+05:30,984.1500244140625,984.1500244140625,982.25,983.2000122070312,773
2021-06-15 10:19:00+05:30,983.2999877929688,983.2999877929688,980.4500122070312,980.4500122070312,2876
2021-06-15 10:20:00+05:30,980.4500122070312,981.4500122070312,979.25,980.5999755859375,1409
2021-06-15 10:21:00+05:30,980.0,982.0,980.0,981.0,442
2021-06-15 10:22:00+05:30,981.5,982.1500244140625,981.0499877929688,982.1500244140625,145
2021-06-15 10:23:00+05:30,981.6500244140625,981.8499755859375,981.25,981.25,57
2021-06-15 10:24:00+05:30,981.2000122070312,981.2000122070312,980.2000122070312,980.2000122070312,647
2021-06-15 10:25:00+05:30,980.25,981.75,980.25,981.75,552
2021-06-15 10:26:00+05:30,981.0499877929688,982.3499755859375,981.0499877929688,982.0499877929688,149
2021-06-15 10:27:00+05:30,982.5499877929688,982.7999877929688,982.0,982.0499877929688,607
2021-06-15 10:28:00+05:30,982.0,982.0,980.75,980.75,260
2021-06-15 10:29:00+05:30,981.0999755859375,981.7999877929688,981.0,981.25,448
2021-06-15 10:30:00+05:30,981.2000122070312,982.7000122070312,980.1500244140625,982.7000122070312,953
2021-06-15 10:31:00+05:30,983.0,984.0,983.0,984.0,106
2021-06-15 10:32:00+05:30,985.0,985.0,983.2000122070312,983.6500244140625,124
2021-06-15 10:33:00+05:30,983.2000122070312,984.2000122070312,982.7000122070312,982.7000122070312,134
2021-06-15 10:34:00+05:30,982.7000122070312,983.2000122070312,982.5,982.5999755859375,100
2021-06-15 10:35:00+05:30,982.5499877929688,983.0999755859375,982.5,982.5,97
2021-06-15 10:36:00+05:30,982.5,982.6500244140625,982.5,982.5,43
2021-06-15 10:37:00+05:30,983.2000122070312,983.9500122070312,982.5,982.5,388
2021-06-15 10:38:00+05:30,982.5,983.5,982.5,983.0999755859375,60
2021-06-15 10:39:00+05:30,983.0,983.75,983.0,983.0,238
2021-06-15 10:40:00+05:30,984.0,984.0,983.0,983.0,507
2021-06-15 10:41:00+05:30,983.0,984.0,983.0,983.0,51
2021-06-15 10:42:00+05:30,983.0,983.3499755859375,983.0,983.0,60
2021-06-15 10:43:00+05:30,983.1500244140625,984.1500244140625,983.0,983.0499877929688,222
2021-06-15 10:44:00+05:30,983.0499877929688,983.7999877929688,983.0,983.0,53
2021-06-15 10:45:00+05:30,983.2000122070312,983.9000244140625,983.0,983.0,224
2021-06-15 10:46:00+05:30,983.9000244140625,983.9000244140625,983.0499877929688,983.0499877929688,40
2021-06-15 10:47:00+05:30,983.0499877929688,983.4500122070312,983.0499877929688,983.0499877929688,132
2021-06-15 10:48:00+05:30,983.9000244140625,983.9000244140625,983.0999755859375,983.1500244140625,207
2021-06-15 10:49:00+05:30,983.9500122070312,983.9500122070312,983.2000122070312,983.2000122070312,46
2021-06-15 10:50:00+05:30,983.0,984.0,983.0,983.25,381
2021-06-15 10:51:00+05:30,983.0499877929688,983.0999755859375,983.0,983.0,171
2021-06-15 10:52:00+05:30,983.0,983.0999755859375,983.0,983.0,143
2021-06-15 10:53:00+05:30,983.0,984.0,983.0,983.0,208
2021-06-15 10:54:00+05:30,983.0,984.0,983.0,984.0,147
2021-06-15 10:55:00+05:30,984.0,985.1500244140625,983.5499877929688,985.0,388
2021-06-15 10:56:00+05:30,985.0,986.5499877929688,985.0,986.2999877929688,186
2021-06-15 10:57:00+05:30,986.0499877929688,986.1500244140625,983.5499877929688,984.7000122070312,1201
2021-06-15 10:58:00+05:30,983.5,984.6500244140625,983.0,983.5499877929688,359
2021-06-15 10:59:00+05:30,983.5499877929688,984.9500122070312,983.5499877929688,984.9500122070312,127
2021-06-15 11:00:00+05:30,984.25,984.9000244140625,984.0,984.0,78
2021-06-15 11:01:00+05:30,984.0,984.9000244140625,984.0,984.9000244140625,128
2021-06-15 11:02:00+05:30,984.0,985.9500122070312,984.0,984.4000244140625,1180
2021-06-15 11:03:00+05:30,983.75,985.4000244140625,983.75,985.2999877929688,269
2021-06-15 11:04:00+05:30,985.4000244140625,986.0,985.0999755859375,985.0999755859375,96
2021-06-15 11:05:00+05:30,985.9000244140625,985.9000244140625,985.0999755859375,985.9000244140625,314
2021-06-15 11:06:00+05:30,985.9000244140625,986.0999755859375,985.0999755859375,985.0999755859375,99
2021-06-15 11:07:00+05:30,985.0999755859375,985.7999877929688,984.2999877929688,985.0,134
2021-06-15 11:08:00+05:30,985.2000122070312,987.0,983.0499877929688,984.7000122070312,2135
2021-06-15 11:09:00+05:30,985.0,985.0,983.5999755859375,984.25,80
2021-06-15 11:10:00+05:30,984.8499755859375,984.8499755859375,983.7000122070312,983.75,69
2021-06-15 11:11:00+05:30,984.9500122070312,984.9500122070312,984.0,984.9500122070312,78
2021-06-15 11:12:00+05:30,984.7000122070312,986.0,984.0499877929688,985.8499755859375,297
2021-06-15 11:13:00+05:30,985.9500122070312,985.9500122070312,984.0,985.0999755859375,275
2021-06-15 11:14:00+05:30,985.0,985.0999755859375,984.0999755859375,985.0,505
2021-06-15 11:15:00+05:30,985.0,985.0999755859375,984.0,984.0999755859375,179
2021-06-15 11:16:00+05:30,985.0,985.0,983.8499755859375,985.0,177
2021-06-15 11:17:00+05:30,985.0,985.0499877929688,983.8499755859375,985.0,103
2021-06-15 11:18:00+05:30,985.1500244140625,985.3499755859375,984.4500122070312,985.0,98
2021-06-15 11:19:00+05:30,985.2000122070312,985.2000122070312,984.25,985.0,84
2021-06-15 11:20:00+05:30,985.0,985.0,984.7000122070312,984.7000122070312,124
2021-06-15 11:21:00+05:30,985.0,985.5,984.2000122070312,985.0,201
2021-06-15 11:22:00+05:30,985.0,985.0,984.5999755859375,984.9500122070312,159
2021-06-15 11:23:00+05:30,985.0,985.0499877929688,984.1500244140625,984.3499755859375,35
2021-06-15 11:24:00+05:30,984.2999877929688,984.9000244140625,984.2000122070312,984.2999877929688,65
2021-06-15 11:25:00+05:30,984.4500122070312,984.9000244140625,984.1500244140625,984.2999877929688,49
2021-06-15 11:26:00+05:30,984.1500244140625,984.3499755859375,984.0,984.0,64
2021-06-15 11:27:00+05:30,984.0999755859375,984.2000122070312,983.3499755859375,983.5,304
2021-06-15 11:28:00+05:30,983.5,985.0,983.5,985.0,434
2021-06-15 11:29:00+05:30,985.2000122070312,985.2000122070312,983.7999877929688,984.9000244140625,116
2021-06-15 11:30:00+05:30,984.9500122070312,984.9500122070312,983.75,984.5499877929688,112
2021-06-15 11:31:00+05:30,985.0,985.0,983.8499755859375,985.0,295
2021-06-15 11:32:00+05:30,985.0,985.25,984.1500244140625,985.0,235
2021-06-15 11:33:00+05:30,985.0,985.4000244140625,984.1500244140625,985.2999877929688,76
2021-06-15 11:34:00+05:30,985.0,985.1500244140625,984.2999877929688,984.5499877929688,369
2021-06-15 11:35:00+05:30,984.7000122070312,985.4000244140625,984.25,985.4000244140625,56
2021-06-15 11:36:00+05:30,985.0,985.0,984.2999877929688,984.6500244140625,41
2021-06-15 11:37:00+05:30,985.0,985.0999755859375,984.2999877929688,984.5,85
2021-06-15 11:38:00+05:30,985.0999755859375,986.0,984.5999755859375,984.5999755859375,540
2021-06-15 11:39:00+05:30,985.0,985.0,984.5999755859375,984.7000122070312,34
2021-06-15 11:40:00+05:30,984.25,985.8499755859375,984.25,985.0,462
2021-06-15 11:41:00+05:30,985.0,985.0999755859375,984.5,985.0999755859375,33
2021-06-15 11:42:00+05:30,985.0,985.8499755859375,985.0,985.0,292
2021-06-15 11:43:00+05:30,985.0,985.0499877929688,984.25,984.3499755859375,45
2021-06-15 11:44:00+05:30,984.9500122070312,985.0,984.3499755859375,984.5999755859375,130
2021-06-15 11:45:00+05:30,984.5999755859375,985.0,984.5999755859375,984.5999755859375,46
2021-06-15 11:46:00+05:30,984.5999755859375,985.0,984.5999755859375,985.0,50
2021-06-15 11:47:00+05:30,984.5999755859375,985.0,984.3499755859375,984.9500122070312,216
2021-06-15 11:48:00+05:30,984.25,985.0,984.0499877929688,984.0999755859375,191
2021-06-15 11:49:00+05:30,984.0999755859375,985.0,984.0,984.4000244140625,89
2021-06-15 11:50:00+05:30,984.2999877929688,984.9500122070312,984.1500244140625,984.2000122070312,43
2021-06-15 11:51:00+05:30,984.2999877929688,984.5,984.0,984.25,166
2021-06-15 11:52:00+05:30,984.5,984.5,984.0,984.0,97
2021-06-15 11:53:00+05:30,984.0,984.5,984.0,984.5,44
2021-06-15 11:54:00+05:30,984.5,984.5,984.4500122070312,984.5,42
2021-06-15 11:55:00+05:30,984.4500122070312,984.9500122070312,984.0,984.6500244140625,240
2021-06-15 11:56:00+05:30,984.9000244140625,984.9500122070312,984.0499877929688,984.4000244140625,94
2021-06-15 11:57:00+05:30,984.0499877929688,984.9000244140625,984.0499877929688,984.0499877929688,124
2021-06-15 11:58:00+05:30,984.75,984.7999877929688,984.0499877929688,984.4500122070312,86
2021-06-15 11:59:00+05:30,984.5999755859375,985.0,984.4500122070312,985.0,210
2021-06-15 12:00:00+05:30,985.0,985.0,985.0,985.0,86
2021-06-15 12:01:00+05:30,985.0,985.0,984.0,985.0,318
2021-06-15 12:02:00+05:30,985.0,985.5,985.0,985.0,394
2021-06-15 12:03:00+05:30,985.0,985.5,984.3499755859375,984.6500244140625,56
2021-06-15 12:04:00+05:30,984.8499755859375,985.0499877929688,984.3499755859375,984.7000122070312,169
2021-06-15 12:05:00+05:30,985.0,985.0,984.5499877929688,984.9500122070312,81
2021-06-15 12:06:00+05:30,985.0,985.4500122070312,984.5499877929688,985.4500122070312,220
2021-06-15 12:07:00+05:30,984.7000122070312,985.5,984.5999755859375,985.4500122070312,351
2021-06-15 12:08:00+05:30,985.0,985.0,984.6500244140625,985.0,132
2021-06-15 12:09:00+05:30,985.0,985.75,984.7999877929688,985.2999877929688,1681
2021-06-15 12:10:00+05:30,985.2999877929688,985.2999877929688,985.0,985.0499877929688,125
2021-06-15 12:11:00+05:30,985.0499877929688,985.6500244140625,985.0,985.6500244140625,200
2021-06-15 12:12:00+05:30,985.0,985.5499877929688,985.0,985.0,150
2021-06-15 12:13:00+05:30,985.0,985.2999877929688,985.0,985.0,233
2021-06-15 12:14:00+05:30,985.0,985.5999755859375,984.5,985.5999755859375,122
2021-06-15 12:15:00+05:30,985.0999755859375,985.5499877929688,984.5,984.5,158
2021-06-15 12:16:00+05:30,985.0,985.0,984.5,984.5499877929688,144
2021-06-15 12:17:00+05:30,984.9500122070312,986.0,984.0,986.0,835
2021-06-15 12:18:00+05:30,985.0,985.4500122070312,985.0,985.25,148
2021-06-15 12:19:00+05:30,985.0999755859375,985.2999877929688,985.0999755859375,985.0999755859375,78
2021-06-15 12:20:00+05:30,985.2000122070312,985.5,985.0999755859375,985.0999755859375,216
2021-06-15 12:21:00+05:30,985.0999755859375,985.0999755859375,984.3499755859375,985.0,688
2021-06-15 12:22:00+05:30,985.0,985.0,984.0,984.5,185
2021-06-15 12:23:00+05:30,983.75,984.9500122070312,983.1500244140625,984.0,430
2021-06-15 12:24:00+05:30,984.6500244140625,984.7999877929688,983.2000122070312,983.2000122070312,142
2021-06-15 12:25:00+05:30,983.8499755859375,984.4000244140625,983.1500244140625,984.1500244140625,108
2021-06-15 12:26:00+05:30,983.2000122070312,984.9000244140625,983.2000122070312,984.9000244140625,498
2021-06-15 12:27:00+05:30,984.5,984.5999755859375,983.2999877929688,984.5999755859375,88
2021-06-15 12:28:00+05:30,983.4000244140625,984.6500244140625,983.0999755859375,984.25,210
2021-06-15 12:29:00+05:30,984.6500244140625,984.8499755859375,983.4500122070312,984.8499755859375,103
2021-06-15 12:30:00+05:30,984.1500244140625,984.75,983.4000244140625,984.5,138
2021-06-15 12:31:00+05:30,984.5999755859375,985.2000122070312,984.5999755859375,985.2000122070312,122
2021-06-15 12:32:00+05:30,985.0,985.0,983.5499877929688,984.5499877929688,695
2021-06-15 12:33:00+05:30,984.8499755859375,984.8499755859375,983.1500244140625,983.1500244140625,109
2021-06-15 12:34:00+05:30,983.0999755859375,984.8499755859375,983.0999755859375,984.75,126
2021-06-15 12:35:00+05:30,983.8499755859375,984.5999755859375,983.0999755859375,984.4000244140625,158
2021-06-15 12:36:00+05:30,983.75,984.25,983.0,983.0,83
2021-06-15 12:37:00+05:30,983.9500122070312,984.2000122070312,983.0,984.1500244140625,87
2021-06-15 12:38:00+05:30,984.4500122070312,984.5,983.2000122070312,983.75,92
2021-06-15 12:39:00+05:30,983.2000122070312,983.9000244140625,983.0,983.9000244140625,107
2021-06-15 12:40:00+05:30,983.8499755859375,983.8499755859375,983.0,983.4500122070312,81
2021-06-15 12:41:00+05:30,983.8499755859375,983.8499755859375,983.0,983.7000122070312,250
2021-06-15 12:42:00+05:30,983.6500244140625,983.8499755859375,983.0,983.0,103
2021-06-15 12:43:00+05:30,983.2999877929688,983.2999877929688,983.0,983.0,166
2021-06-15 12:44:00+05:30,983.2999877929688,983.2999877929688,982.5499877929688,982.9500122070312,985
2021-06-15 12:45:00+05:30,982.9500122070312,983.0999755859375,982.0,982.7000122070312,303
2021-06-15 12:46:00+05:30,982.4000244140625,984.0499877929688,982.4000244140625,984.0499877929688,819
2021-06-15 12:47:00+05:30,984.1500244140625,984.9500122070312,984.1500244140625,984.8499755859375,317
2021-06-15 12:48:00+05:30,984.5499877929688,985.0,984.2000122070312,985.0,173
2021-06-15 12:49:00+05:30,985.5,986.0,984.2999877929688,986.0,718
2021-06-15 12:50:00+05:30,986.0,986.9500122070312,986.0,986.0,853
2021-06-15 12:51:00+05:30,986.0,986.2999877929688,985.0,985.4500122070312,814
2021-06-15 12:52:00+05:30,985.2000122070312,985.2000122070312,982.3499755859375,983.7000122070312,94
2021-06-15 12:53:00+05:30,983.1500244140625,983.7999877929688,982.4000244140625,983.25,124
2021-06-15 12:54:00+05:30,982.7999877929688,984.6500244140625,982.5,984.1500244140625,104
2021-06-15 12:55:00+05:30,983.0499877929688,984.9500122070312,983.0,984.9500122070312,497
2021-06-15 12:56:00+05:30,985.0,985.0,983.4500122070312,984.4500122070312,193
2021-06-15 12:57:00+05:30,984.4500122070312,984.7999877929688,984.0,984.75,89
2021-06-15 12:58:00+05:30,984.7999877929688,984.8499755859375,983.0999755859375,984.25,509
2021-06-15 12:59:00+05:30,984.25,984.25,983.0499877929688,983.2000122070312,88
2021-06-15 13:00:00+05:30,983.7999877929688,984.5,983.0,983.9000244140625,112
2021-06-15 13:01:00+05:30,984.0499877929688,984.25,983.0,983.5,174
2021-06-15 13:02:00+05:30,983.9500122070312,983.9500122070312,983.0,983.0499877929688,137
2021-06-15 13:03:00+05:30,984.4000244140625,984.4000244140625,983.0,983.9500122070312,104
2021-06-15 13:04:00+05:30,984.3499755859375,984.4500122070312,983.0,984.1500244140625,127
2021-06-15 13:05:00+05:30,984.2000122070312,984.2999877929688,983.0,983.4000244140625,92
2021-06-15 13:06:00+05:30,983.4000244140625,983.9000244140625,983.0499877929688,983.0499877929688,93
2021-06-15 13:07:00+05:30,983.0499877929688,983.5499877929688,983.0,983.0499877929688,116
2021-06-15 13:08:00+05:30,983.0,983.2999877929688,983.0,983.0,110
2021-06-15 13:09:00+05:30,983.2999877929688,983.75,983.0,983.2000122070312,90
2021-06-15 13:10:00+05:30,983.75,983.75,982.7999877929688,982.9500122070312,281
2021-06-15 13:11:00+05:30,982.6500244140625,982.6500244140625,982.0999755859375,982.4000244140625,103
2021-06-15 13:12:00+05:30,982.5,984.0,982.2999877929688,984.0,1118
2021-06-15 13:13:00+05:30,983.9000244140625,984.0,983.25,984.0,482
2021-06-15 13:14:00+05:30,984.0,984.0,983.9500122070312,984.0,375
2021-06-15 13:15:00+05:30,984.0,984.0,983.9500122070312,983.9500122070312,106
2021-06-15 13:16:00+05:30,984.0,985.0,983.9500122070312,985.0,1124
2021-06-15 13:17:00+05:30,984.9500122070312,985.0,984.2999877929688,984.5499877929688,448
2021-06-15 13:18:00+05:30,984.5999755859375,985.0999755859375,984.5999755859375,985.0,345
2021-06-15 13:19:00+05:30,985.0,985.5499877929688,985.0,985.0,170
2021-06-15 13:20:00+05:30,985.0,985.0,985.0,985.0,99
2021-06-15 13:21:00+05:30,985.0,985.0499877929688,983.7000122070312,985.0,620
2021-06-15 13:22:00+05:30,985.0499877929688,985.4500122070312,985.0,985.0,607
2021-06-15 13:23:00+05:30,985.0,985.4000244140625,984.2000122070312,985.3499755859375,507
2021-06-15 13:24:00+05:30,985.5999755859375,985.9000244140625,985.0,985.4000244140625,125
2021-06-15 13:25:00+05:30,985.0,985.4000244140625,983.7000122070312,983.7000122070312,508
2021-06-15 13:26:00+05:30,985.0,985.2999877929688,984.1500244140625,985.0,331
2021-06-15 13:27:00+05:30,985.0,985.5999755859375,984.2000122070312,985.0,423
2021-06-15 13:28:00+05:30,985.4000244140625,985.5999755859375,984.1500244140625,985.0,215
2021-06-15 13:29:00+05:30,985.1500244140625,985.75,985.0,985.0,146
2021-06-15 13:30:00+05:30,985.0,985.9500122070312,985.0,985.9500122070312,138
2021-06-15 13:31:00+05:30,985.4500122070312,986.0,984.4000244140625,985.0,183
2021-06-15 13:32:00+05:30,985.0,985.1500244140625,985.0,985.0499877929688,113
2021-06-15 13:33:00+05:30,985.0,985.25,984.0499877929688,984.2000122070312,107
2021-06-15 13:34:00+05:30,984.1500244140625,984.9500122070312,983.7000122070312,983.7000122070312,189
2021-06-15 13:35:00+05:30,984.0,984.5499877929688,983.0499877929688,983.0499877929688,440
2021-06-15 13:36:00+05:30,983.0999755859375,983.75,982.0,983.5499877929688,713
2021-06-15 13:37:00+05:30,982.3499755859375,983.4000244140625,981.0,982.0,2214
2021-06-15 13:38:00+05:30,983.2999877929688,984.3499755859375,981.4000244140625,982.0499877929688,1013
2021-06-15 13:39:00+05:30,982.0499877929688,982.75,980.6500244140625,982.1500244140625,435
2021-06-15 13:40:00+05:30,981.2999877929688,982.7999877929688,981.0999755859375,981.0999755859375,786
2021-06-15 13:41:00+05:30,981.6500244140625,983.0,981.2000122070312,982.5,484
2021-06-15 13:42:00+05:30,982.9000244140625,982.9500122070312,981.2000122070312,982.7000122070312,646
2021-06-15 13:43:00+05:30,982.9000244140625,982.9500122070312,981.2000122070312,981.2999877929688,580
2021-06-15 13:44:00+05:30,982.0999755859375,982.4500122070312,981.0,981.0499877929688,548
2021-06-15 13:45:00+05:30,981.0,981.5,980.0499877929688,981.2000122070312,952
2021-06-15 13:46:00+05:30,981.25,982.4000244140625,980.0,982.0499877929688,376
2021-06-15 13:47:00+05:30,982.25,982.25,980.25,980.7999877929688,551
2021-06-15 13:48:00+05:30,981.25,981.25,977.0,978.4500122070312,3549
2021-06-15 13:49:00+05:30,978.9500122070312,979.5,977.25,977.9500122070312,1653
2021-06-15 13:50:00+05:30,977.9500122070312,978.8499755859375,977.9000244140625,977.9000244140625,456
2021-06-15 13:51:00+05:30,977.75,978.4000244140625,977.0499877929688,978.25,287
2021-06-15 13:52:00+05:30,977.6500244140625,977.9000244140625,975.0,976.2000122070312,3174
2021-06-15 13:53:00+05:30,976.2000122070312,978.2999877929688,974.4500122070312,974.9500122070312,1166
2021-06-15 13:54:00+05:30,975.0,975.0,968.5999755859375,972.0,5009
2021-06-15 13:55:00+05:30,971.9500122070312,973.0,970.0,972.25,1092
2021-06-15 13:56:00+05:30,972.25,973.3499755859375,970.0,971.0499877929688,3606
2021-06-15 13:57:00+05:30,971.0,972.2999877929688,970.3499755859375,971.8499755859375,616
2021-06-15 13:58:00+05:30,970.9500122070312,972.5,970.9500122070312,972.0,778
2021-06-15 13:59:00+05:30,971.9000244140625,972.0,970.3499755859375,972.0,407
2021-06-15 14:00:00+05:30,971.5999755859375,975.0,971.0499877929688,975.0,3036
2021-06-15 14:01:00+05:30,974.5,980.0,973.8499755859375,980.0,2660
2021-06-15 14:02:00+05:30,980.0,984.1500244140625,978.9500122070312,980.0499877929688,3162
2021-06-15 14:03:00+05:30,981.4500122070312,981.4500122070312,977.5999755859375,979.25,419
2021-06-15 14:04:00+05:30,979.25,979.25,977.3499755859375,978.1500244140625,303
2021-06-15 14:05:00+05:30,978.8499755859375,980.9500122070312,977.6500244140625,980.0499877929688,913
2021-06-15 14:06:00+05:30,980.5999755859375,980.5999755859375,978.7999877929688,979.2999877929688,374
2021-06-15 14:07:00+05:30,979.7999877929688,979.7999877929688,978.7999877929688,979.5999755859375,42
2021-06-15 14:08:00+05:30,978.7999877929688,979.25,978.4000244140625,979.0,146
2021-06-15 14:09:00+05:30,979.0,979.5,978.5,978.5,194
2021-06-15 14:10:00+05:30,979.4000244140625,979.4500122070312,978.2999877929688,978.9000244140625,184
2021-06-15 14:11:00+05:30,978.5999755859375,979.1500244140625,978.5,978.7000122070312,20
2021-06-15 14:12:00+05:30,978.5,979.0,978.25,978.25,794
2021-06-15 14:13:00+05:30,978.9000244140625,980.75,978.75,980.75,587
2021-06-15 14:14:00+05:30,980.9500122070312,981.0,980.0,980.0,600
2021-06-15 14:15:00+05:30,980.0,980.75,980.0,980.7000122070312,24
2021-06-15 14:16:00+05:30,980.75,981.2000122070312,980.0,980.6500244140625,218
2021-06-15 14:17:00+05:30,980.0499877929688,981.0,980.0499877929688,980.4500122070312,362
2021-06-15 14:18:00+05:30,980.0,980.4500122070312,979.0999755859375,980.2999877929688,291
2021-06-15 14:19:00+05:30,979.0499877929688,984.25,978.6500244140625,984.25,4760
2021-06-15 14:20:00+05:30,984.0499877929688,984.5,982.0999755859375,983.0,161
2021-06-15 14:21:00+05:30,981.75,982.9500122070312,980.4500122070312,981.9000244140625,198
2021-06-15 14:22:00+05:30,981.0,981.3499755859375,978.5499877929688,978.5999755859375,267
2021-06-15 14:23:00+05:30,979.4000244140625,982.3499755859375,979.3499755859375,981.0499877929688,88
2021-06-15 14:24:00+05:30,979.3499755859375,981.9000244140625,979.3499755859375,981.2000122070312,155
2021-06-15 14:25:00+05:30,981.5499877929688,982.5,981.5499877929688,981.9500122070312,550
2021-06-15 14:26:00+05:30,982.2999877929688,984.75,981.9500122070312,982.7000122070312,1087
2021-06-15 14:27:00+05:30,983.5,985.0,983.5,984.4500122070312,1094
2021-06-15 14:28:00+05:30,984.5,984.5,982.7000122070312,983.7000122070312,454
2021-06-15 14:29:00+05:30,982.75,983.75,982.75,983.5999755859375,100
2021-06-15 14:30:00+05:30,982.9500122070312,984.4500122070312,982.7000122070312,984.4500122070312,696
2021-06-15 14:31:00+05:30,983.7000122070312,984.5,982.9500122070312,983.0499877929688,288
2021-06-15 14:32:00+05:30,983.0499877929688,984.0,981.9000244140625,982.6500244140625,240
2021-06-15 14:33:00+05:30,982.7000122070312,982.7000122070312,982.25,982.25,148
2021-06-15 14:34:00+05:30,982.0499877929688,982.7000122070312,982.0,982.0,78
2021-06-15 14:35:00+05:30,981.5499877929688,982.5499877929688,980.8499755859375,980.8499755859375,164
2021-06-15 14:36:00+05:30,981.4000244140625,982.1500244140625,980.5999755859375,980.7000122070312,44
2021-06-15 14:37:00+05:30,981.1500244140625,981.75,980.2999877929688,981.4500122070312,240
2021-06-15 14:38:00+05:30,981.0999755859375,981.7000122070312,980.6500244140625,981.25,240
2021-06-15 14:39:00+05:30,981.75,981.75,980.6500244140625,981.5499877929688,37
2021-06-15 14:40:00+05:30,981.2000122070312,981.75,980.7000122070312,981.2999877929688,13
2021-06-15 14:41:00+05:30,981.0,981.5499877929688,980.6500244140625,980.9000244140625,87
2021-06-15 14:42:00+05:30,980.5,982.5999755859375,980.5,982.2000122070312,162
2021-06-15 14:43:00+05:30,982.3499755859375,982.5499877929688,981.5,981.5,24
2021-06-15 14:44:00+05:30,981.6500244140625,982.2999877929688,981.6500244140625,982.2999877929688,118
2021-06-15 14:45:00+05:30,981.75,982.3499755859375,981.5999755859375,981.75,185
2021-06-15 14:46:00+05:30,982.3499755859375,982.4000244140625,981.6500244140625,981.9000244140625,77
2021-06-15 14:47:00+05:30,981.5999755859375,982.3499755859375,981.5999755859375,982.2999877929688,534
2021-06-15 14:48:00+05:30,982.3499755859375,982.5999755859375,981.9500122070312,982.1500244140625,201
2021-06-15 14:49:00+05:30,981.9000244140625,982.5499877929688,981.9000244140625,982.4000244140625,96
2021-06-15 14:50:00+05:30,982.5999755859375,982.9000244140625,982.0999755859375,982.0999755859375,187
2021-06-15 14:51:00+05:30,982.2000122070312,982.6500244140625,982.1500244140625,982.2999877929688,145
2021-06-15 14:52:00+05:30,982.2999877929688,982.9000244140625,982.1500244140625,982.7999877929688,249
2021-06-15 14:53:00+05:30,982.8499755859375,982.8499755859375,982.2000122070312,982.3499755859375,77
2021-06-15 14:54:00+05:30,982.5,982.8499755859375,982.2999877929688,982.7999877929688,45
2021-06-15 14:55:00+05:30,982.75,982.75,982.3499755859375,982.4000244140625,126
2021-06-15 14:56:00+05:30,982.4000244140625,983.0,982.2999877929688,983.0,1522
2021-06-15 14:57:00+05:30,982.7000122070312,983.0,982.3499755859375,982.4000244140625,177
2021-06-15 14:58:00+05:30,982.4500122070312,982.5,982.3499755859375,982.3499755859375,86
2021-06-15 14:59:00+05:30,982.3499755859375,982.5,981.7000122070312,981.7000122070312,348
2021-06-15 15:00:00+05:30,981.7000122070312,981.9500122070312,981.0499877929688,981.4500122070312,197
2021-06-15 15:01:00+05:30,981.4500122070312,981.8499755859375,980.4000244140625,981.2000122070312,183
2021-06-15 15:02:00+05:30,980.75,981.2000122070312,980.2999877929688,980.3499755859375,418
2021-06-15 15:03:00+05:30,980.2999877929688,980.5999755859375,977.0,978.7999877929688,1138
2021-06-15 15:04:00+05:30,978.2999877929688,980.1500244140625,977.25,980.1500244140625,742
2021-06-15 15:05:00+05:30,980.0999755859375,980.1500244140625,976.6500244140625,979.2000122070312,1272
2021-06-15 15:06:00+05:30,978.7999877929688,980.8499755859375,976.5999755859375,980.8499755859375,2642
2021-06-15 15:07:00+05:30,980.75,982.25,980.75,982.25,2037
2021-06-15 15:08:00+05:30,981.4000244140625,981.75,980.9000244140625,981.5,492
2021-06-15 15:09:00+05:30,981.5,981.5,981.0499877929688,981.0999755859375,328
2021-06-15 15:10:00+05:30,981.5,982.5,981.5,982.5,2008
2021-06-15 15:11:00+05:30,982.5,982.9500122070312,978.75,982.9500122070312,1594
2021-06-15 15:12:00+05:30,983.0,985.0999755859375,982.4500122070312,983.0,3912
2021-06-15 15:13:00+05:30,983.0,984.7999877929688,982.9500122070312,984.4500122070312,1003
2021-06-15 15:14:00+05:30,984.6500244140625,985.0,984.6500244140625,985.0,1004
2021-06-15 15:15:00+05:30,984.9000244140625,985.0,984.0,985.0,656
2021-06-15 15:16:00+05:30,974.8499755859375,983.0,974.8499755859375,982.25,6867
2021-06-15 15:17:00+05:30,982.2999877929688,982.9500122070312,979.5,981.2999877929688,966
2021-06-15 15:18:00+05:30,981.75,982.0,977.5,980.0,1556
2021-06-15 15:19:00+05:30,980.0,980.0,976.0,978.4500122070312,385
2021-06-15 15:20:00+05:30,978.25,978.25,977.0,977.5,250
2021-06-15 15:21:00+05:30,977.9000244140625,977.9000244140625,972.3499755859375,975.5999755859375,3434
2021-06-15 15:22:00+05:30,975.5,979.6500244140625,975.5,979.6500244140625,2336
2021-06-15 15:23:00+05:30,978.9000244140625,978.9000244140625,976.9000244140625,978.4500122070312,1171
2021-06-15 15:24:00+05:30,978.5499877929688,978.5999755859375,975.5999755859375,977.75,302
2021-06-15 15:25:00+05:30,977.75,981.0,977.5999755859375,981.0,1304
2021-06-15 15:26:00+05:30,980.0,980.6500244140625,979.0,979.0999755859375,709
2021-06-15 15:27:00+05:30,979.0,982.7000122070312,979.0,981.0,989
2021-06-15 15:28:00+05:30,982.4500122070312,982.5,980.0,982.4000244140625,1416
2021-06-15 15:29:00+05:30,982.4000244140625,982.4000244140625,980.0499877929688,980.6500244140625,1122
2021-06-16 09:15:00+05:30,979.5999755859375,980.2000122070312,977.0499877929688,978.4500122070312,0
2021-06-16 09:16:00+05:30,977.0999755859375,979.7000122070312,977.0999755859375,977.5,1233
2021-06-16 09:17:00+05:30,978.0499877929688,979.5499877929688,977.0499877929688,977.0499877929688,760
2021-06-16 09:18:00+05:30,975.75,976.7000122070312,973.8499755859375,976.7000122070312,1573
2021-06-16 09:19:00+05:30,975.0,977.1500244140625,975.0,975.6500244140625,329
2021-06-16 09:20:00+05:30,975.6500244140625,976.4000244140625,972.0499877929688,972.0499877929688,1644
2021-06-16 09:21:00+05:30,972.0,974.7000122070312,971.9000244140625,974.0,1006
2021-06-16 09:22:00+05:30,974.0,976.2000122070312,974.0,974.3499755859375,249
2021-06-16 09:23:00+05:30,974.0999755859375,976.8499755859375,974.0999755859375,976.8499755859375,737
2021-06-16 09:24:00+05:30,976.5499877929688,978.5,976.5499877929688,978.5,199
2021-06-16 09:25:00+05:30,978.5,978.5,976.7999877929688,977.3499755859375,669
2021-06-16 09:26:00+05:30,977.2999877929688,977.8499755859375,973.25,973.25,1371
2021-06-16 09:27:00+05:30,973.25,973.25,973.1500244140625,973.2000122070312,216
2021-06-16 09:28:00+05:30,973.2000122070312,973.2000122070312,971.0,971.0,471
2021-06-16 09:29:00+05:30,972.0,972.0,968.0,968.0,3463
2021-06-16 09:30:00+05:30,968.0499877929688,969.6500244140625,968.0,968.7000122070312,818
2021-06-16 09:31:00+05:30,968.2999877929688,969.9500122070312,968.2999877929688,969.8499755859375,986
2021-06-16 09:32:00+05:30,969.8499755859375,969.8499755859375,968.5499877929688,968.5499877929688,764
2021-06-16 09:33:00+05:30,968.5499877929688,971.0,968.5499877929688,970.1500244140625,567
2021-06-16 09:34:00+05:30,970.9000244140625,971.0,970.0,970.0499877929688,389
2021-06-16 09:35:00+05:30,970.0499877929688,971.0,969.4500122070312,970.0499877929688,688
2021-06-16 09:36:00+05:30,970.75,971.5499877929688,969.9000244140625,970.9500122070312,489
2021-06-16 09:37:00+05:30,971.5499877929688,974.0499877929688,971.5499877929688,974.0499877929688,723
2021-06-16 09:38:00+05:30,973.0499877929688,974.6500244140625,972.4500122070312,974.6500244140625,931
2021-06-16 09:39:00+05:30,974.25,975.0,973.0,973.0999755859375,251
2021-06-16 09:40:00+05:30,972.0499877929688,972.0499877929688,970.2999877929688,970.5499877929688,609
2021-06-16 09:41:00+05:30,970.7000122070312,973.6500244140625,970.7000122070312,973.5999755859375,354
2021-06-16 09:42:00+05:30,971.5999755859375,974.6500244140625,971.5999755859375,972.5,940
2021-06-16 09:43:00+05:30,972.3499755859375,972.3499755859375,971.0,971.0,306
2021-06-16 09:44:00+05:30,971.75,971.75,966.5499877929688,966.5499877929688,2682
2021-06-16 09:45:00+05:30,967.0,969.0,966.1500244140625,967.2999877929688,654
2021-06-16 09:46:00+05:30,968.0,968.0499877929688,966.0,966.0,823
2021-06-16 09:47:00+05:30,966.0499877929688,966.5,965.25,965.75,397
2021-06-16 09:48:00+05:30,966.5,968.9500122070312,966.2000122070312,966.75,539
2021-06-16 09:49:00+05:30,968.0,968.0499877929688,965.2999877929688,965.6500244140625,462
2021-06-16 09:50:00+05:30,966.0,968.75,966.0,967.0999755859375,1650
2021-06-16 09:51:00+05:30,968.9500122070312,970.0,966.2000122070312,966.25,415
2021-06-16 09:52:00+05:30,966.2000122070312,968.0999755859375,966.2000122070312,967.0499877929688,273
2021-06-16 09:53:00+05:30,966.3499755859375,969.8499755859375,966.3499755859375,968.2999877929688,1268
2021-06-16 09:54:00+05:30,968.0999755859375,969.75,966.5499877929688,967.0,1013
2021-06-16 09:55:00+05:30,967.9500122070312,968.2999877929688,966.8499755859375,967.0,346
2021-06-16 09:56:00+05:30,967.9500122070312,967.9500122070312,966.5,967.9500122070312,1268
2021-06-16 09:57:00+05:30,966.6500244140625,968.9500122070312,966.6500244140625,968.0,255
2021-06-16 09:58:00+05:30,968.0,968.0,962.9500122070312,964.0999755859375,5365
2021-06-16 09:59:00+05:30,963.5,964.2999877929688,963.0,963.0,3903
2021-06-16 10:00:00+05:30,963.5,964.5,962.6500244140625,964.5,360
2021-06-16 10:01:00+05:30,964.4500122070312,964.5,963.5,963.5499877929688,425
2021-06-16 10:02:00+05:30,963.5499877929688,966.0,963.5499877929688,965.5999755859375,2399
2021-06-16 10:03:00+05:30,966.0,966.9500122070312,964.7000122070312,966.4000244140625,325
2021-06-16 10:04:00+05:30,966.9000244140625,966.9000244140625,965.25,965.9500122070312,254
2021-06-16 10:05:00+05:30,965.9500122070312,966.9000244140625,965.5499877929688,966.9000244140625,1122
2021-06-16 10:06:00+05:30,967.5,968.8499755859375,966.7999877929688,968.8499755859375,823
2021-06-16 10:07:00+05:30,967.25,968.2000122070312,966.0,966.4500122070312,598
2021-06-16 10:08:00+05:30,966.4500122070312,968.2999877929688,963.8499755859375,964.75,1594
2021-06-16 10:09:00+05:30,966.1500244140625,966.3499755859375,965.4500122070312,966.2000122070312,29
2021-06-16 10:10:00+05:30,964.7999877929688,966.0999755859375,964.7999877929688,966.0,307
2021-06-16 10:11:00+05:30,966.0,968.75,966.0,968.75,509
2021-06-16 10:12:00+05:30,967.3499755859375,968.9000244140625,967.2999877929688,967.2999877929688,0
2021-06-16 10:13:00+05:30,967.2999877929688,967.2999877929688,965.1500244140625,966.9000244140625,711
2021-06-16 10:14:00+05:30,967.0,967.0,966.0499877929688,966.2999877929688,605
2021-06-16 10:15:00+05:30,966.5,967.0,966.3499755859375,966.3499755859375,439
2021-06-16 10:16:00+05:30,966.25,967.0,966.2000122070312,966.5499877929688,455
2021-06-16 10:17:00+05:30,967.0,967.0,966.25,966.25,230
2021-06-16 10:18:00+05:30,966.9500122070312,966.9500122070312,966.0499877929688,966.0999755859375,69
2021-06-16 10:19:00+05:30,966.0999755859375,966.7999877929688,966.0499877929688,966.0999755859375,687
2021-06-16 10:20:00+05:30,966.7999877929688,967.0,966.0,966.0,254
2021-06-16 10:21:00+05:30,966.75,966.7999877929688,966.0,966.0499877929688,364
2021-06-16 10:22:00+05:30,966.8499755859375,966.8499755859375,963.0,963.0499877929688,1959
2021-06-16 10:23:00+05:30,962.5999755859375,962.5999755859375,960.0999755859375,961.0,2448
2021-06-16 10:24:00+05:30,962.25,962.6500244140625,960.0999755859375,961.9500122070312,1881
2021-06-16 10:25:00+05:30,962.1500244140625,963.7999877929688,961.0,962.0,1199
2021-06-16 10:26:00+05:30,961.9000244140625,961.9500122070312,958.2000122070312,959.0,7401
2021-06-16 10:27:00+05:30,958.0,959.0999755859375,956.0999755859375,959.0,1705
2021-06-16 10:28:00+05:30,958.75,959.4000244140625,958.5999755859375,958.5999755859375,765
2021-06-16 10:29:00+05:30,958.5999755859375,958.5999755859375,957.4000244140625,958.0,112
2021-06-16 10:30:00+05:30,957.4000244140625,959.6500244140625,957.4000244140625,958.5499877929688,947
2021-06-16 10:31:00+05:30,959.5499877929688,960.6500244140625,957.75,960.5999755859375,2197
2021-06-16 10:32:00+05:30,959.7999877929688,960.5499877929688,958.2000122070312,958.5,2642
2021-06-16 10:33:00+05:30,958.5,960.5,958.5,959.9500122070312,1274
2021-06-16 10:34:00+05:30,959.9000244140625,961.9500122070312,959.9000244140625,961.9500122070312,2428
2021-06-16 10:35:00+05:30,961.9500122070312,963.25,961.0999755859375,961.0999755859375,588
2021-06-16 10:36:00+05:30,962.4000244140625,962.4000244140625,960.0,960.0,243
2021-06-16 10:37:00+05:30,960.0,961.0,960.0,960.9500122070312,160
2021-06-16 10:38:00+05:30,961.0,961.0,958.1500244140625,959.2999877929688,1239
2021-06-16 10:39:00+05:30,958.3499755859375,959.9500122070312,958.3499755859375,959.0,124
2021-06-16 10:40:00+05:30,959.5,959.8499755859375,958.5,958.5,379
2021-06-16 10:41:00+05:30,959.1500244140625,959.1500244140625,958.5499877929688,958.5999755859375,217
2021-06-16 10:42:00+05:30,959.1500244140625,963.9000244140625,958.5499877929688,963.5,1944
2021-06-16 10:43:00+05:30,963.5,965.0,963.0,964.3499755859375,1357
2021-06-16 10:44:00+05:30,965.0,969.3499755859375,965.0,967.5999755859375,4025
2021-06-16 10:45:00+05:30,967.5999755859375,968.0,966.2999877929688,966.2999877929688,789
2021-06-16 10:46:00+05:30,966.7999877929688,967.0,965.4000244140625,965.4000244140625,603
2021-06-16 10:47:00+05:30,966.2999877929688,968.3499755859375,965.7999877929688,968.3499755859375,1447
2021-06-16 10:48:00+05:30,968.2999877929688,968.9500122070312,968.0499877929688,968.9500122070312,5472
2021-06-16 10:49:00+05:30,968.0499877929688,970.0,968.0499877929688,969.9500122070312,588
2021-06-16 10:50:00+05:30,969.2000122070312,970.0,968.1500244140625,969.0,506
2021-06-16 10:51:00+05:30,968.9500122070312,970.8499755859375,968.0,970.2000122070312,955
2021-06-16 10:52:00+05:30,969.0,970.0,968.4000244140625,970.0,1111
2021-06-16 10:53:00+05:30,970.0,970.0,968.0,968.4000244140625,1153
2021-06-16 10:54:00+05:30,968.4000244140625,968.4000244140625,967.2999877929688,967.7999877929688,551
2021-06-16 10:55:00+05:30,968.0,968.0,966.0499877929688,966.9500122070312,319
2021-06-16 10:56:00+05:30,966.0499877929688,967.4000244140625,966.0499877929688,966.2000122070312,94
2021-06-16 10:57:00+05:30,967.0999755859375,968.8499755859375,966.2000122070312,968.7999877929688,437
2021-06-16 10:58:00+05:30,967.5,968.7999877929688,967.1500244140625,968.0499877929688,183
2021-06-16 10:59:00+05:30,968.4500122070312,968.4500122070312,967.25,967.2999877929688,83
2021-06-16 11:00:00+05:30,967.5499877929688,967.5499877929688,967.2000122070312,967.5,23
2021-06-16 11:01:00+05:30,967.5,967.5,967.0499877929688,967.0499877929688,398
2021-06-16 11:02:00+05:30,967.0499877929688,967.4000244140625,966.25,967.2000122070312,274
2021-06-16 11:03:00+05:30,967.0999755859375,967.0999755859375,965.9500122070312,966.0,225
2021-06-16 11:04:00+05:30,966.0,966.7000122070312,966.0,966.0999755859375,137
2021-06-16 11:05:00+05:30,966.0999755859375,966.0999755859375,964.5499877929688,965.2000122070312,1035
2021-06-16 11:06:00+05:30,965.8499755859375,966.7000122070312,965.0999755859375,965.1500244140625,182
2021-06-16 11:07:00+05:30,965.1500244140625,965.1500244140625,964.0,964.5999755859375,177
2021-06-16 11:08:00+05:30,964.7000122070312,965.0,964.25,965.0,499
2021-06-16 11:09:00+05:30,964.5499877929688,965.4500122070312,964.0,964.25,259
2021-06-16 11:10:00+05:30,964.25,964.25,963.0,964.0,407
2021-06-16 11:11:00+05:30,964.0,966.4500122070312,964.0,965.7999877929688,364
2021-06-16 11:12:00+05:30,964.7999877929688,965.9500122070312,964.5,965.9500122070312,34
2021-06-16 11:13:00+05:30,965.0,965.0,964.1500244140625,964.9000244140625,210
2021-06-16 11:14:00+05:30,964.8499755859375,965.75,964.6500244140625,964.9500122070312,121
2021-06-16 11:15:00+05:30,964.9500122070312,965.75,964.5499877929688,965.75,658
2021-06-16 11:16:00+05:30,965.5,966.5,964.75,966.0999755859375,146
2021-06-16 11:17:00+05:30,965.5,966.5,964.5999755859375,965.7999877929688,156
2021-06-16 11:18:00+05:30,964.75,966.5,964.75,965.7000122070312,248
2021-06-16 11:19:00+05:30,966.5499877929688,966.5499877929688,966.5499877929688,966.5499877929688,67
2021-06-16 11:20:00+05:30,966.5499877929688,967.75,966.5,967.6500244140625,611
2021-06-16 11:21:00+05:30,968.4500122070312,969.0999755859375,967.1500244140625,967.2000122070312,0
2021-06-16 11:22:00+05:30,967.25,967.6500244140625,967.0499877929688,967.5,138
2021-06-16 11:23:00+05:30,967.5499877929688,967.75,966.5499877929688,966.5499877929688,92
2021-06-16 11:24:00+05:30,966.5499877929688,967.9000244140625,966.5499877929688,966.6500244140625,66
2021-06-16 11:25:00+05:30,966.6500244140625,968.4500122070312,966.6500244140625,967.0999755859375,86
2021-06-16 11:26:00+05:30,967.0499877929688,967.9500122070312,966.75,966.7999877929688,93
2021-06-16 11:27:00+05:30,966.7999877929688,967.6500244140625,966.5999755859375,967.5,128
2021-06-16 11:28:00+05:30,966.5499877929688,967.7999877929688,966.5,967.75,412
2021-06-16 11:29:00+05:30,967.75,967.75,966.75,967.4000244140625,92
2021-06-16 11:30:00+05:30,967.4000244140625,968.75,967.0999755859375,968.5,432
2021-06-16 11:31:00+05:30,967.4000244140625,969.6500244140625,967.0999755859375,969.6500244140625,738
2021-06-16 11:32:00+05:30,968.3499755859375,970.9500122070312,968.3499755859375,970.2000122070312,386
2021-06-16 11:33:00+05:30,970.9500122070312,970.9500122070312,969.5999755859375,970.0,531
2021-06-16 11:34:00+05:30,969.5999755859375,970.7999877929688,969.5999755859375,970.0,187
2021-06-16 11:35:00+05:30,970.0499877929688,970.75,970.0499877929688,970.7000122070312,33
2021-06-16 11:36:00+05:30,970.0499877929688,970.5999755859375,969.0,969.7000122070312,278
2021-06-16 11:37:00+05:30,969.7000122070312,969.7000122070312,968.4000244140625,968.4000244140625,166
2021-06-16 11:38:00+05:30,968.4000244140625,969.5,968.4000244140625,969.5,18
2021-06-16 11:39:00+05:30,968.5499877929688,968.5499877929688,968.0999755859375,968.0999755859375,29
2021-06-16 11:40:00+05:30,968.0999755859375,969.75,968.0999755859375,969.6500244140625,152
2021-06-16 11:41:00+05:30,968.4500122070312,969.2999877929688,968.4500122070312,968.5,47
2021-06-16 11:42:00+05:30,969.0,969.6500244140625,968.0499877929688,968.25,88
2021-06-16 11:43:00+05:30,968.2999877929688,969.6500244140625,968.2999877929688,969.0999755859375,52
2021-06-16 11:44:00+05:30,968.2999877929688,969.3499755859375,968.0,968.0,209
2021-06-16 11:45:00+05:30,968.0,969.5499877929688,967.3499755859375,969.5499877929688,111
2021-06-16 11:46:00+05:30,968.3499755859375,969.7000122070312,968.3499755859375,968.4000244140625,118
2021-06-16 11:47:00+05:30,968.4000244140625,969.0,968.0,968.4000244140625,66
2021-06-16 11:48:00+05:30,968.0499877929688,969.0,968.0499877929688,968.2000122070312,137
2021-06-16 11:49:00+05:30,968.2000122070312,968.9500122070312,967.5999755859375,968.75,460
2021-06-16 11:50:00+05:30,968.75,968.9000244140625,967.7000122070312,968.2000122070312,161
2021-06-16 11:51:00+05:30,968.8499755859375,968.9000244140625,968.0999755859375,968.9000244140625,71
2021-06-16 11:52:00+05:30,968.1500244140625,968.9000244140625,968.1500244140625,968.4500122070312,51
2021-06-16 11:53:00+05:30,968.1500244140625,969.5499877929688,968.1500244140625,968.1500244140625,288
2021-06-16 11:54:00+05:30,968.1500244140625,969.5,968.1500244140625,969.5,151
2021-06-16 11:55:00+05:30,969.4500122070312,969.5,968.9000244140625,969.0,128
2021-06-16 11:56:00+05:30,968.5999755859375,969.7000122070312,968.5,969.6500244140625,47
2021-06-16 11:57:00+05:30,969.0,969.5,968.5,969.4500122070312,72
2021-06-16 11:58:00+05:30,968.5999755859375,969.5,968.5999755859375,969.5,47
2021-06-16 11:59:00+05:30,969.0,970.4000244140625,969.0,970.4000244140625,551
2021-06-16 12:00:00+05:30,970.0,972.9500122070312,969.5499877929688,972.9000244140625,3801
2021-06-16 12:01:00+05:30,972.9500122070312,973.9000244140625,971.9500122070312,971.9500122070312,1131
2021-06-16 12:02:00+05:30,972.25,973.0499877929688,971.9500122070312,972.0499877929688,140
2021-06-16 12:03:00+05:30,972.0,973.0499877929688,972.0,972.2000122070312,220
2021-06-16 12:04:00+05:30,973.0,973.0499877929688,972.2999877929688,973.0499877929688,136
2021-06-16 12:05:00+05:30,972.75,973.4500122070312,972.4500122070312,972.5,275
2021-06-16 12:06:00+05:30,972.5499877929688,973.4500122070312,972.5499877929688,973.0,201
2021-06-16 12:07:00+05:30,971.6500244140625,972.7999877929688,970.9000244140625,972.2999877929688,1478
2021-06-16 12:08:00+05:30,973.4000244140625,973.4000244140625,972.0,972.0,324
2021-06-16 12:09:00+05:30,972.0,972.9000244140625,971.25,972.9000244140625,201
2021-06-16 12:10:00+05:30,971.4500122070312,972.6500244140625,971.4500122070312,972.6500244140625,620
2021-06-16 12:11:00+05:30,972.8499755859375,973.5999755859375,972.8499755859375,973.25,108
2021-06-16 12:12:00+05:30,973.0,973.25,973.0,973.0,218
2021-06-16 12:13:00+05:30,973.0499877929688,973.5499877929688,972.0999755859375,973.2999877929688,180
2021-06-16 12:14:00+05:30,972.25,973.3499755859375,972.0999755859375,972.2999877929688,79
2021-06-16 12:15:00+05:30,972.2999877929688,973.25,971.5,972.5,108
2021-06-16 12:16:00+05:30,971.6500244140625,972.9000244140625,971.6500244140625,971.7000122070312,143
2021-06-16 12:17:00+05:30,971.9500122070312,973.0,971.7000122070312,973.0,69
2021-06-16 12:18:00+05:30,972.25,972.7000122070312,971.7999877929688,972.2000122070312,71
2021-06-16 12:19:00+05:30,971.9000244140625,972.75,971.75,972.3499755859375,201
2021-06-16 12:20:00+05:30,972.0499877929688,973.0,972.0,972.7999877929688,140
2021-06-16 12:21:00+05:30,972.25,972.9500122070312,972.0999755859375,972.9500122070312,251
2021-06-16 12:22:00+05:30,972.4000244140625,972.7999877929688,972.0,972.7999877929688,136
2021-06-16 12:23:00+05:30,972.7999877929688,973.0,971.0,971.0,691
2021-06-16 12:24:00+05:30,971.0,971.0499877929688,970.9000244140625,970.9000244140625,39
2021-06-16 12:25:00+05:30,970.5,970.9000244140625,970.25,970.3499755859375,188
2021-06-16 12:26:00+05:30,970.3499755859375,970.3499755859375,970.3499755859375,970.3499755859375,13
2021-06-16 12:27:00+05:30,970.25,972.0,970.25,970.7000122070312,123
2021-06-16 12:28:00+05:30,970.7999877929688,972.0,969.0,969.9500122070312,2299
2021-06-16 12:29:00+05:30,970.0,970.0,969.0,969.0,229
2021-06-16 12:30:00+05:30,968.5,970.25,968.1500244140625,968.6500244140625,542
2021-06-16 12:31:00+05:30,969.2999877929688,969.6500244140625,968.0,969.5,221
2021-06-16 12:32:00+05:30,969.0,969.9500122070312,968.2000122070312,969.9500122070312,184
2021-06-16 12:33:00+05:30,969.4000244140625,970.0,968.7999877929688,969.6500244140625,98
2021-06-16 12:34:00+05:30,968.7999877929688,970.0,968.7999877929688,969.4500122070312,134
2021-06-16 12:35:00+05:30,969.0999755859375,970.0,969.0999755859375,969.5,321
2021-06-16 12:36:00+05:30,970.0,970.0,968.9500122070312,969.7999877929688,116
2021-06-16 12:37:00+05:30,969.0,969.9500122070312,968.9500122070312,969.9500122070312,25
2021-06-16 12:38:00+05:30,968.9500122070312,969.75,968.9500122070312,969.5999755859375,653
2021-06-16 12:39:00+05:30,970.0,972.0,970.0,971.75,470
2021-06-16 12:40:00+05:30,970.2999877929688,970.2999877929688,969.5999755859375,970.0,700
2021-06-16 12:41:00+05:30,970.0,970.4000244140625,969.0,970.4000244140625,176
2021-06-16 12:42:00+05:30,970.0499877929688,971.3499755859375,969.5,970.5499877929688,298
2021-06-16 12:43:00+05:30,970.0,970.5499877929688,969.1500244140625,969.1500244140625,277
2021-06-16 12:44:00+05:30,969.75,970.1500244140625,968.9500122070312,969.4000244140625,59
2021-06-16 12:45:00+05:30,970.0499877929688,971.4000244140625,969.4000244140625,970.6500244140625,401
2021-06-16 12:46:00+05:30,969.4000244140625,970.9000244140625,969.4000244140625,970.0499877929688,148
2021-06-16 12:48:00+05:30,971.7999877929688,973.0,971.2000122070312,971.75,1412
2021-06-16 12:49:00+05:30,971.6500244140625,972.7000122070312,971.4000244140625,971.4500122070312,1
2021-06-16 12:50:00+05:30,971.4500122070312,972.9000244140625,971.0499877929688,972.9000244140625,114
2021-06-16 12:51:00+05:30,971.5,972.9500122070312,971.4000244140625,971.6500244140625,226
2021-06-16 12:52:00+05:30,971.6500244140625,972.5499877929688,970.0999755859375,970.0999755859375,128
2021-06-16 12:53:00+05:30,970.0999755859375,971.5999755859375,970.0999755859375,971.5499877929688,60
2021-06-16 12:54:00+05:30,970.6500244140625,971.5499877929688,970.4000244140625,970.9000244140625,25
2021-06-16 12:55:00+05:30,970.8499755859375,970.8499755859375,970.0,970.0499877929688,110
2021-06-16 12:56:00+05:30,970.0499877929688,971.6500244140625,970.0,971.2000122070312,118
2021-06-16 12:57:00+05:30,970.7999877929688,972.0,970.4500122070312,970.4500122070312,97
2021-06-16 12:58:00+05:30,971.0499877929688,971.7999877929688,970.5,970.5,55
2021-06-16 12:59:00+05:30,970.5,972.0,970.5,971.9500122070312,80
2021-06-16 13:00:00+05:30,970.5499877929688,971.75,970.5,970.5499877929688,31
2021-06-16 13:01:00+05:30,970.5,970.5499877929688,970.5,970.5499877929688,7
2021-06-16 13:02:00+05:30,970.4000244140625,972.3499755859375,970.4000244140625,970.75,393
2021-06-16 13:03:00+05:30,970.4500122070312,972.4500122070312,970.4500122070312,972.0,314
2021-06-16 13:04:00+05:30,972.0,972.4000244140625,971.7000122070312,972.0999755859375,92
2021-06-16 13:05:00+05:30,971.9500122070312,972.4000244140625,971.7000122070312,972.4000244140625,198
2021-06-16 13:06:00+05:30,972.0999755859375,972.0999755859375,971.75,971.7999877929688,50
2021-06-16 13:07:00+05:30,971.7000122070312,972.4500122070312,971.7000122070312,972.0,37
2021-06-16 13:08:00+05:30,971.7000122070312,972.5,971.7000122070312,972.0999755859375,401
2021-06-16 13:09:00+05:30,971.8499755859375,972.5,971.75,972.0999755859375,75
2021-06-16 13:10:00+05:30,971.9000244140625,973.8499755859375,971.75,973.8499755859375,1161
2021-06-16 13:11:00+05:30,973.25,974.2000122070312,973.0499877929688,974.2000122070312,621
2021-06-16 13:12:00+05:30,973.1500244140625,973.9500122070312,973.0499877929688,973.0499877929688,11
2021-06-16 13:13:00+05:30,973.0499877929688,973.5999755859375,973.0499877929688,973.5999755859375,16
2021-06-16 13:14:00+05:30,973.5999755859375,976.0499877929688,973.5999755859375,976.0499877929688,1066
2021-06-16 13:15:00+05:30,975.5999755859375,976.5999755859375,974.25,975.2000122070312,1243
2021-06-16 13:16:00+05:30,975.0999755859375,976.5499877929688,975.0999755859375,975.9000244140625,35
2021-06-16 13:17:00+05:30,975.5,979.9000244140625,975.5,979.4000244140625,3289
2021-06-16 13:18:00+05:30,978.4500122070312,979.7000122070312,977.4500122070312,978.0,130
2021-06-16 13:19:00+05:30,977.4500122070312,979.0999755859375,977.2999877929688,977.75,252
2021-06-16 13:20:00+05:30,977.7000122070312,977.7000122070312,975.8499755859375,975.8499755859375,328
2021-06-16 13:21:00+05:30,975.5499877929688,976.7999877929688,974.75,975.0,714
2021-06-16 13:22:00+05:30,975.0,976.7000122070312,975.0,975.7000122070312,100
2021-06-16 13:23:00+05:30,975.7000122070312,976.3499755859375,975.25,975.25,114
2021-06-16 13:24:00+05:30,975.4000244140625,976.8499755859375,975.4000244140625,975.75,70
2021-06-16 13:25:00+05:30,975.75,976.75,975.0,976.0,854
2021-06-16 13:26:00+05:30,976.0,977.5499877929688,976.0,977.2000122070312,1712
2021-06-16 13:27:00+05:30,977.1500244140625,977.9500122070312,977.0499877929688,977.1500244140625,629
2021-06-16 13:28:00+05:30,977.0999755859375,978.1500244140625,976.4500122070312,978.1500244140625,80
2021-06-16 13:29:00+05:30,977.0,982.0,977.0,980.7999877929688,2002
2021-06-16 13:30:00+05:30,980.8499755859375,987.9500122070312,980.4000244140625,987.0,6788
2021-06-16 13:31:00+05:30,986.6500244140625,996.0,986.0,993.8499755859375,10910
2021-06-16 13:32:00+05:30,992.2000122070312,994.5999755859375,991.4000244140625,992.5999755859375,5727
2021-06-16 13:33:00+05:30,994.2999877929688,994.2999877929688,992.0,993.9500122070312,1683
2021-06-16 13:34:00+05:30,993.9500122070312,998.0,992.9500122070312,995.0,5623
2021-06-16 13:35:00+05:30,994.6500244140625,997.0,990.0,990.0,3202
2021-06-16 13:36:00+05:30,989.2999877929688,992.0999755859375,988.1500244140625,989.9000244140625,1403
2021-06-16 13:37:00+05:30,990.0,990.7000122070312,988.7000122070312,989.0499877929688,1290
2021-06-16 13:38:00+05:30,989.0999755859375,990.0,987.0999755859375,988.5,775
2021-06-16 13:39:00+05:30,988.9000244140625,988.9000244140625,987.0,988.7000122070312,756
2021-06-16 13:40:00+05:30,988.7000122070312,989.0999755859375,987.75,989.0999755859375,357
2021-06-16 13:41:00+05:30,988.0499877929688,988.9000244140625,987.2000122070312,988.7999877929688,455
2021-06-16 13:42:00+05:30,988.7999877929688,988.9000244140625,986.0499877929688,987.9500122070312,875
2021-06-16 13:43:00+05:30,987.4000244140625,988.0,985.5499877929688,985.5499877929688,872
2021-06-16 13:44:00+05:30,986.0,986.0,984.0,984.0,1357
2021-06-16 13:45:00+05:30,984.5999755859375,984.9500122070312,982.2999877929688,984.9500122070312,2677
2021-06-16 13:46:00+05:30,984.7000122070312,987.0,984.3499755859375,986.0499877929688,1320
2021-06-16 13:47:00+05:30,986.8499755859375,988.6500244140625,986.4000244140625,988.25,899
2021-06-16 13:48:00+05:30,988.0,989.5,987.8499755859375,989.0999755859375,785
2021-06-16 13:49:00+05:30,989.1500244140625,989.1500244140625,987.0,987.5,1133
2021-06-16 13:50:00+05:30,987.5999755859375,988.7000122070312,987.0,988.7000122070312,445
2021-06-16 13:51:00+05:30,988.1500244140625,988.7000122070312,987.0499877929688,987.0499877929688,44
2021-06-16 13:52:00+05:30,988.0,988.0499877929688,986.4500122070312,987.0,241
2021-06-16 13:53:00+05:30,988.0,988.0,987.0,987.2000122070312,466
2021-06-16 13:54:00+05:30,987.5,988.3499755859375,986.8499755859375,986.8499755859375,1015
2021-06-16 13:55:00+05:30,986.75,987.4500122070312,986.4500122070312,986.5499877929688,22
2021-06-16 13:56:00+05:30,986.9500122070312,987.7000122070312,986.2999877929688,986.5999755859375,57
2021-06-16 13:57:00+05:30,986.9000244140625,987.3499755859375,986.2999877929688,986.9500122070312,135
2021-06-16 13:58:00+05:30,988.0,988.0,986.4500122070312,987.6500244140625,185
2021-06-16 13:59:00+05:30,986.4500122070312,986.5999755859375,984.0499877929688,984.0499877929688,1123
2021-06-16 14:00:00+05:30,983.5,984.9500122070312,982.25,984.0,573
2021-06-16 14:01:00+05:30,984.7000122070312,986.4500122070312,983.2000122070312,985.8499755859375,1647
2021-06-16 14:02:00+05:30,984.7999877929688,986.5999755859375,984.7999877929688,985.1500244140625,280
2021-06-16 14:03:00+05:30,985.1500244140625,985.8499755859375,984.7999877929688,985.1500244140625,128
2021-06-16 14:04:00+05:30,985.5999755859375,985.5999755859375,984.7000122070312,984.7000122070312,100
2021-06-16 14:05:00+05:30,985.1500244140625,985.25,984.7000122070312,984.7000122070312,190
2021-06-16 14:06:00+05:30,986.0,986.0,985.0999755859375,985.0999755859375,157
2021-06-16 14:07:00+05:30,985.0999755859375,985.5,984.7000122070312,985.0499877929688,635
2021-06-16 14:08:00+05:30,985.0499877929688,985.0499877929688,984.7000122070312,984.7000122070312,224
2021-06-16 14:09:00+05:30,985.9000244140625,985.9000244140625,984.7999877929688,985.5999755859375,35
2021-06-16 14:10:00+05:30,984.7999877929688,986.7000122070312,984.7999877929688,986.7000122070312,309
2021-06-16 14:11:00+05:30,986.5499877929688,986.8499755859375,986.1500244140625,986.2000122070312,106
2021-06-16 14:12:00+05:30,986.2000122070312,987.2999877929688,986.2000122070312,987.0499877929688,413
2021-06-16 14:13:00+05:30,987.0499877929688,987.7000122070312,987.0,987.5,264
2021-06-16 14:14:00+05:30,987.5,988.2000122070312,987.5,987.7999877929688,587
2021-06-16 14:15:00+05:30,988.7000122070312,989.8499755859375,988.6500244140625,989.0999755859375,338
2021-06-16 14:16:00+05:30,988.75,989.5,988.7000122070312,988.75,578
2021-06-16 14:17:00+05:30,988.7999877929688,989.4500122070312,988.25,988.75,390
2021-06-16 14:18:00+05:30,989.4500122070312,989.4500122070312,988.0,989.0999755859375,565
2021-06-16 14:19:00+05:30,988.0,992.0,987.9000244140625,991.0,2667
2021-06-16 14:20:00+05:30,990.5999755859375,991.0,990.0499877929688,990.2999877929688,602
2021-06-16 14:21:00+05:30,990.5999755859375,994.4500122070312,990.2000122070312,993.0999755859375,1626
2021-06-16 14:22:00+05:30,994.0,997.0,994.0,996.0,2685
2021-06-16 14:23:00+05:30,996.0,997.4000244140625,995.7000122070312,997.0,1592
2021-06-16 14:24:00+05:30,994.0,996.0,993.0999755859375,993.0999755859375,6260
2021-06-16 14:25:00+05:30,995.0999755859375,995.0999755859375,993.0499877929688,993.6500244140625,144
2021-06-16 14:26:00+05:30,993.6500244140625,994.0,990.9000244140625,990.9000244140625,816
2021-06-16 14:27:00+05:30,991.0499877929688,994.9000244140625,991.0499877929688,992.9000244140625,1440
2021-06-16 14:28:00+05:30,993.0,994.2000122070312,991.0,991.0,954
2021-06-16 14:29:00+05:30,991.5999755859375,992.0,990.6500244140625,990.6500244140625,560
2021-06-16 14:30:00+05:30,991.4500122070312,994.0,991.25,993.0,913
2021-06-16 14:31:00+05:30,993.0,994.0,993.0,994.0,94
2021-06-16 14:32:00+05:30,993.0499877929688,993.0499877929688,992.2999877929688,992.2999877929688,588
2021-06-16 14:33:00+05:30,992.0,993.0,991.3499755859375,993.0,90
2021-06-16 14:34:00+05:30,992.1500244140625,992.1500244140625,991.25,991.9500122070312,97
2021-06-16 14:35:00+05:30,991.0,992.0,987.0999755859375,990.5,3087
2021-06-16 14:36:00+05:30,991.5999755859375,991.7999877929688,988.7000122070312,988.7000122070312,195
2021-06-16 14:37:00+05:30,988.5999755859375,991.25,988.5999755859375,990.4500122070312,1106
2021-06-16 14:38:00+05:30,990.0,991.7000122070312,989.8499755859375,990.9000244140625,77
2021-06-16 14:39:00+05:30,990.4500122070312,992.0,990.4500122070312,990.4500122070312,280
2021-06-16 14:40:00+05:30,990.7000122070312,996.0,990.5499877929688,995.0,4497
2021-06-16 14:41:00+05:30,995.0,997.0,994.9500122070312,996.25,2001
2021-06-16 14:42:00+05:30,995.8499755859375,996.7000122070312,992.9000244140625,992.9000244140625,3503
2021-06-16 14:43:00+05:30,992.0999755859375,993.6500244140625,992.0999755859375,993.0,635
2021-06-16 14:44:00+05:30,992.1500244140625,994.0,992.0,994.0,1002
2021-06-16 14:45:00+05:30,994.7999877929688,996.4000244140625,994.2999877929688,996.0,1404
2021-06-16 14:46:00+05:30,996.7999877929688,996.9500122070312,995.2000122070312,995.2000122070312,326
2021-06-16 14:47:00+05:30,995.5499877929688,996.0,995.2000122070312,995.25,707
2021-06-16 14:48:00+05:30,995.2000122070312,995.2000122070312,991.25,994.1500244140625,2535
2021-06-16 14:49:00+05:30,993.0,994.9500122070312,993.0,993.25,786
2021-06-16 14:50:00+05:30,992.25,993.9000244140625,992.0,993.9000244140625,52
2021-06-16 14:51:00+05:30,994.0,996.25,994.0,994.0,2345
2021-06-16 14:52:00+05:30,994.0,997.0,993.5,994.9000244140625,1561
2021-06-16 14:53:00+05:30,996.4000244140625,997.2000122070312,995.3499755859375,996.0,2531
2021-06-16 14:54:00+05:30,997.0,997.3499755859375,994.5499877929688,995.9500122070312,1912
2021-06-16 14:55:00+05:30,995.0999755859375,995.0999755859375,992.6500244140625,992.6500244140625,655
2021-06-16 14:56:00+05:30,992.2000122070312,993.4500122070312,991.4500122070312,992.5499877929688,511
2021-06-16 14:57:00+05:30,991.6500244140625,991.7000122070312,991.0,991.4000244140625,172
2021-06-16 14:58:00+05:30,991.0499877929688,991.7999877929688,988.0,988.4500122070312,1839
2021-06-16 14:59:00+05:30,987.5499877929688,989.8499755859375,987.0499877929688,987.0499877929688,1174
2021-06-16 15:00:00+05:30,987.0,989.25,987.0,989.25,961
2021-06-16 15:01:00+05:30,987.8499755859375,989.5,987.5,987.7999877929688,488
2021-06-16 15:02:00+05:30,989.0,989.0,984.0,984.8499755859375,2373
2021-06-16 15:03:00+05:30,984.0,986.2000122070312,983.5,985.0,1114
2021-06-16 15:04:00+05:30,984.5999755859375,985.8499755859375,984.0,985.0,327
2021-06-16 15:05:00+05:30,986.25,986.9500122070312,985.6500244140625,985.6500244140625,219
2021-06-16 15:06:00+05:30,986.0,986.5499877929688,985.0,986.0,397
2021-06-16 15:07:00+05:30,986.0,987.4000244140625,986.0,987.4000244140625,342
2021-06-16 15:08:00+05:30,986.1500244140625,987.8499755859375,986.1500244140625,986.9500122070312,400
2021-06-16 15:09:00+05:30,987.4000244140625,987.9000244140625,986.7999877929688,987.0499877929688,520
2021-06-16 15:10:00+05:30,987.7999877929688,988.9000244140625,987.0499877929688,988.9000244140625,1559
2021-06-16 15:11:00+05:30,988.0,989.2000122070312,986.0499877929688,986.0499877929688,1685
2021-06-16 15:12:00+05:30,986.0,986.0,980.5,980.5,2469
2021-06-16 15:13:00+05:30,981.7999877929688,983.9500122070312,980.8499755859375,981.4500122070312,2514
2021-06-16 15:14:00+05:30,980.9500122070312,983.2999877929688,980.9500122070312,981.0,503
2021-06-16 15:15:00+05:30,982.7999877929688,984.5999755859375,980.2000122070312,984.5999755859375,1046
2021-06-16 15:16:00+05:30,983.2000122070312,985.75,982.9500122070312,985.75,992
2021-06-16 15:17:00+05:30,985.2000122070312,985.2000122070312,983.4500122070312,983.4500122070312,228
2021-06-16 15:18:00+05:30,985.1500244140625,985.2000122070312,982.0499877929688,982.2999877929688,1011
2021-06-16 15:19:00+05:30,984.0,984.4500122070312,982.0,983.0,788
2021-06-16 15:20:00+05:30,983.0,983.0499877929688,983.0,983.0499877929688,396
2021-06-16 15:21:00+05:30,984.4000244140625,986.0,981.2999877929688,983.1500244140625,3492
2021-06-16 15:22:00+05:30,983.2999877929688,984.0,983.0,983.9500122070312,320
2021-06-16 15:23:00+05:30,984.0,984.0,982.0999755859375,983.3499755859375,143
2021-06-16 15:24:00+05:30,982.0,983.3499755859375,981.25,981.25,938
2021-06-16 15:25:00+05:30,980.0,980.0,976.5999755859375,977.0,2725
2021-06-16 15:26:00+05:30,978.5,982.0,978.0,978.75,1400
2021-06-16 15:27:00+05:30,978.0499877929688,981.0999755859375,978.0499877929688,981.0499877929688,158
2021-06-16 15:28:00+05:30,982.0,989.7999877929688,980.0,983.9000244140625,1579
2021-06-16 15:29:00+05:30,983.7999877929688,983.7999877929688,979.3499755859375,983.7000122070312,1289
2021-06-17 09:15:00+05:30,974.6500244140625,976.3499755859375,971.2999877929688,972.8499755859375,0
2021-06-17 09:16:00+05:30,974.9000244140625,976.0,973.0999755859375,974.0999755859375,2529
2021-06-17 09:17:00+05:30,975.0499877929688,976.0,974.4000244140625,975.0,1315
2021-06-17 09:18:00+05:30,977.0,984.5999755859375,977.0,978.7999877929688,3790
2021-06-17 09:19:00+05:30,979.4000244140625,983.3499755859375,979.4000244140625,983.3499755859375,768
2021-06-17 09:20:00+05:30,984.0,984.5999755859375,976.9000244140625,976.9000244140625,2740
2021-06-17 09:21:00+05:30,976.8499755859375,981.5499877929688,976.8499755859375,978.0499877929688,1245
2021-06-17 09:22:00+05:30,978.0499877929688,979.9000244140625,978.0499877929688,979.1500244140625,271
2021-06-17 09:23:00+05:30,979.0499877929688,979.9000244140625,978.3499755859375,979.3499755859375,452
2021-06-17 09:24:00+05:30,979.4500122070312,980.0,978.0,979.0,1728
2021-06-17 09:25:00+05:30,979.4000244140625,979.4000244140625,978.4000244140625,979.2999877929688,562
2021-06-17 09:26:00+05:30,979.3499755859375,979.4500122070312,978.5499877929688,978.5499877929688,377
2021-06-17 09:27:00+05:30,976.0,977.9500122070312,975.8499755859375,977.25,2296
2021-06-17 09:28:00+05:30,977.9500122070312,977.9500122070312,976.0499877929688,977.6500244140625,351
2021-06-17 09:29:00+05:30,977.6500244140625,979.0499877929688,976.7000122070312,978.0499877929688,783
2021-06-17 09:30:00+05:30,979.4500122070312,979.75,978.0999755859375,978.7000122070312,359
2021-06-17 09:31:00+05:30,979.7000122070312,982.2000122070312,978.5499877929688,980.4500122070312,1246
2021-06-17 09:32:00+05:30,982.75,983.6500244140625,981.0999755859375,982.5,1065
2021-06-17 09:33:00+05:30,983.4000244140625,984.5499877929688,983.0499877929688,984.5,1212
2021-06-17 09:34:00+05:30,985.0,985.9500122070312,983.75,984.4000244140625,1505
2021-06-17 09:35:00+05:30,984.4000244140625,985.5499877929688,981.7999877929688,983.5999755859375,1131
2021-06-17 09:36:00+05:30,983.9500122070312,984.1500244140625,981.3499755859375,981.4000244140625,1272
2021-06-17 09:37:00+05:30,980.1500244140625,982.75,980.1500244140625,980.75,484
2021-06-17 09:38:00+05:30,980.6500244140625,982.0499877929688,978.7999877929688,978.7999877929688,491
2021-06-17 09:39:00+05:30,980.0,980.0499877929688,978.7999877929688,978.7999877929688,263
2021-06-17 09:40:00+05:30,978.7999877929688,979.75,978.0499877929688,978.0499877929688,357
2021-06-17 09:41:00+05:30,977.75,979.0,977.5,977.5499877929688,484
2021-06-17 09:42:00+05:30,977.5499877929688,978.75,977.5499877929688,978.0,143
2021-06-17 09:43:00+05:30,978.75,978.75,977.3499755859375,978.5499877929688,858
2021-06-17 09:44:00+05:30,977.5,977.7999877929688,976.0499877929688,976.25,135
2021-06-17 09:45:00+05:30,975.0999755859375,976.7999877929688,975.0999755859375,976.4000244140625,1214
2021-06-17 09:46:00+05:30,976.0,977.7999877929688,976.0,977.7999877929688,122
2021-06-17 09:47:00+05:30,977.1500244140625,978.5499877929688,977.1500244140625,977.1500244140625,227
2021-06-17 09:48:00+05:30,977.8499755859375,977.8499755859375,975.0499877929688,975.0499877929688,1700
2021-06-17 09:49:00+05:30,976.4000244140625,976.8499755859375,973.5499877929688,974.6500244140625,2081
2021-06-17 09:50:00+05:30,973.6500244140625,974.5999755859375,970.7999877929688,972.1500244140625,2563
2021-06-17 09:51:00+05:30,973.0,974.0,972.1500244140625,974.0,1282
2021-06-17 09:52:00+05:30,976.4000244140625,978.0,976.2999877929688,976.75,211
2021-06-17 09:53:00+05:30,977.8499755859375,978.0499877929688,976.3499755859375,977.3499755859375,463
2021-06-17 09:54:00+05:30,977.3499755859375,979.5999755859375,976.5999755859375,978.3499755859375,491
2021-06-17 09:55:00+05:30,978.5,979.5,978.0,978.0,484
2021-06-17 09:56:00+05:30,978.0,978.9000244140625,978.0,978.8499755859375,166
2021-06-17 09:57:00+05:30,978.8499755859375,982.0999755859375,978.7000122070312,978.7000122070312,2360
2021-06-17 09:58:00+05:30,979.7999877929688,979.7999877929688,978.0,978.5499877929688,513
2021-06-17 09:59:00+05:30,978.0499877929688,980.9500122070312,978.0,979.75,827
2021-06-17 10:00:00+05:30,979.7000122070312,980.4000244140625,978.4500122070312,979.5999755859375,139
2021-06-17 10:01:00+05:30,979.5999755859375,979.6500244140625,976.0,978.1500244140625,724
2021-06-17 10:02:00+05:30,977.6500244140625,979.0499877929688,976.9000244140625,978.25,329
2021-06-17 10:03:00+05:30,977.25,978.7999877929688,977.0499877929688,977.0499877929688,264
2021-06-17 10:04:00+05:30,977.7999877929688,977.9000244140625,976.0499877929688,976.0499877929688,155
2021-06-17 10:05:00+05:30,977.0499877929688,977.0499877929688,976.0499877929688,977.0,167
2021-06-17 10:06:00+05:30,976.0499877929688,977.4500122070312,976.0,976.2000122070312,210
2021-06-17 10:07:00+05:30,976.0499877929688,977.8499755859375,976.0,977.8499755859375,164
2021-06-17 10:08:00+05:30,978.1500244140625,978.1500244140625,976.9500122070312,978.0,182
2021-06-17 10:09:00+05:30,977.0,979.0999755859375,977.0,979.0999755859375,149
2021-06-17 10:10:00+05:30,979.0499877929688,979.25,978.0499877929688,978.9500122070312,245
2021-06-17 10:11:00+05:30,978.0499877929688,978.9500122070312,976.9500122070312,977.5499877929688,837
2021-06-17 10:12:00+05:30,977.8499755859375,977.9500122070312,976.9500122070312,977.9500122070312,226
2021-06-17 10:13:00+05:30,977.0,978.2000122070312,976.9500122070312,977.0,488
2021-06-17 10:14:00+05:30,977.0,979.8499755859375,977.0,978.0999755859375,702
2021-06-17 10:15:00+05:30,979.0499877929688,979.0499877929688,977.5,977.9000244140625,259
2021-06-17 10:16:00+05:30,977.8499755859375,978.8499755859375,976.0,976.0,312
2021-06-17 10:17:00+05:30,976.0,977.5499877929688,976.0,976.0,246
2021-06-17 10:18:00+05:30,976.9500122070312,976.9500122070312,974.1500244140625,976.25,2376
2021-06-17 10:19:00+05:30,977.2999877929688,977.7000122070312,975.6500244140625,975.9500122070312,797
2021-06-17 10:20:00+05:30,975.9500122070312,977.7999877929688,975.2000122070312,975.2000122070312,114
2021-06-17 10:21:00+05:30,976.2000122070312,976.25,974.7000122070312,975.0999755859375,284
2021-06-17 10:22:00+05:30,975.9500122070312,976.7999877929688,975.1500244140625,976.75,295
2021-06-17 10:23:00+05:30,976.75,976.75,975.2999877929688,975.2999877929688,196
2021-06-17 10:24:00+05:30,975.2999877929688,977.8499755859375,975.2999877929688,977.7999877929688,307
2021-06-17 10:25:00+05:30,976.3499755859375,977.7999877929688,975.8499755859375,977.4000244140625,337
2021-06-17 10:26:00+05:30,976.3499755859375,977.6500244140625,976.25,976.25,320
2021-06-17 10:27:00+05:30,977.2999877929688,977.75,976.1500244140625,977.5499877929688,626
2021-06-17 10:28:00+05:30,977.3499755859375,978.5,976.5,976.6500244140625,474
2021-06-17 10:29:00+05:30,977.9500122070312,978.1500244140625,976.8499755859375,977.2000122070312,135
2021-06-17 10:30:00+05:30,978.25,978.25,976.6500244140625,977.5999755859375,214
2021-06-17 10:31:00+05:30,976.7000122070312,977.8499755859375,976.7000122070312,977.8499755859375,183
2021-06-17 10:32:00+05:30,977.9500122070312,977.9500122070312,976.6500244140625,976.6500244140625,108
2021-06-17 10:33:00+05:30,977.9500122070312,978.0,976.0,976.0,1506
2021-06-17 10:34:00+05:30,975.2999877929688,976.4500122070312,975.2000122070312,976.4500122070312,118
2021-06-17 10:35:00+05:30,975.4000244140625,976.8499755859375,975.4000244140625,976.8499755859375,94
2021-06-17 10:36:00+05:30,975.6500244140625,976.75,974.0499877929688,974.0499877929688,1161
2021-06-17 10:37:00+05:30,974.0,975.0,974.0,974.9500122070312,98
2021-06-17 10:38:00+05:30,974.0999755859375,974.9500122070312,974.0499877929688,974.1500244140625,78
2021-06-17 10:39:00+05:30,975.4000244140625,976.9000244140625,974.5499877929688,976.9000244140625,357
2021-06-17 10:40:00+05:30,976.6500244140625,978.0,975.2000122070312,976.0999755859375,364
2021-06-17 10:41:00+05:30,975.2000122070312,977.0,975.2000122070312,975.8499755859375,252
2021-06-17 10:42:00+05:30,976.75,977.0,975.2999877929688,976.0499877929688,310
2021-06-17 10:43:00+05:30,976.0499877929688,976.3499755859375,975.25,975.2999877929688,251
2021-06-17 10:44:00+05:30,975.2999877929688,976.5999755859375,975.25,975.25,65
2021-06-17 10:45:00+05:30,976.0999755859375,976.4000244140625,974.0,974.0,858
2021-06-17 10:46:00+05:30,974.7000122070312,976.0499877929688,974.0499877929688,974.7999877929688,465
2021-06-17 10:47:00+05:30,974.7999877929688,976.0,972.5,972.5,1200
2021-06-17 10:48:00+05:30,972.5,972.5,970.8499755859375,971.9500122070312,1189
2021-06-17 10:49:00+05:30,971.0,971.9000244140625,970.75,970.75,466
2021-06-17 10:50:00+05:30,971.0,971.0,970.5499877929688,970.5499877929688,1804
2021-06-17 10:51:00+05:30,971.0,971.0,968.4500122070312,970.5499877929688,4095
2021-06-17 10:52:00+05:30,970.3499755859375,971.0,968.8499755859375,970.8499755859375,343
2021-06-17 10:53:00+05:30,970.2999877929688,972.2000122070312,970.0499877929688,971.5499877929688,859
2021-06-17 10:54:00+05:30,972.5,974.7999877929688,972.5,973.0999755859375,986
2021-06-17 10:55:00+05:30,974.4000244140625,974.4000244140625,973.0,974.0,404
2021-06-17 10:56:00+05:30,973.75,974.7999877929688,973.2999877929688,973.2999877929688,397
2021-06-17 10:57:00+05:30,973.2000122070312,974.4000244140625,973.2000122070312,973.2000122070312,50
2021-06-17 10:58:00+05:30,973.0999755859375,974.2000122070312,973.0999755859375,973.0999755859375,149
2021-06-17 10:59:00+05:30,974.0499877929688,974.2999877929688,971.0,973.0999755859375,1407
2021-06-17 11:00:00+05:30,972.3499755859375,974.0499877929688,972.0499877929688,973.9500122070312,118
2021-06-17 11:01:00+05:30,974.0,974.9500122070312,973.0999755859375,974.0,900
2021-06-17 11:02:00+05:30,974.9000244140625,974.9000244140625,973.5999755859375,974.7999877929688,0
2021-06-17 11:03:00+05:30,973.9000244140625,974.6500244140625,973.2999877929688,973.2999877929688,139
2021-06-17 11:04:00+05:30,974.2000122070312,974.2000122070312,971.5,971.5,769
2021-06-17 11:05:00+05:30,971.5,972.25,970.0999755859375,971.5999755859375,1054
2021-06-17 11:06:00+05:30,970.1500244140625,971.5,970.0499877929688,971.25,381
2021-06-17 11:07:00+05:30,971.2000122070312,971.25,969.3499755859375,969.3499755859375,752
2021-06-17 11:08:00+05:30,970.3499755859375,970.6500244140625,969.0499877929688,969.0499877929688,129
2021-06-17 11:09:00+05:30,969.7000122070312,970.0,969.0,970.0,2084
2021-06-17 11:10:00+05:30,970.0499877929688,971.0,970.0,970.75,694
2021-06-17 11:11:00+05:30,971.5999755859375,972.0999755859375,970.7999877929688,972.0999755859375,321
2021-06-17 11:12:00+05:30,971.2000122070312,972.4000244140625,970.9000244140625,971.0,240
2021-06-17 11:13:00+05:30,971.0,972.5499877929688,970.8499755859375,972.5,617
2021-06-17 11:14:00+05:30,970.9500122070312,971.9500122070312,970.9500122070312,971.2999877929688,190
2021-06-17 11:15:00+05:30,971.5,972.6500244140625,971.2999877929688,972.0,175
2021-06-17 11:16:00+05:30,972.0,972.75,972.0,972.7000122070312,161
2021-06-17 11:17:00+05:30,972.75,973.5,972.0999755859375,973.1500244140625,1825
2021-06-17 11:18:00+05:30,973.1500244140625,973.5499877929688,972.4000244140625,972.7999877929688,572
2021-06-17 11:19:00+05:30,972.75,973.3499755859375,972.75,972.75,51
2021-06-17 11:20:00+05:30,972.7999877929688,973.5499877929688,972.7999877929688,973.4000244140625,101
2021-06-17 11:21:00+05:30,973.4000244140625,974.4000244140625,972.7999877929688,974.0,607
2021-06-17 11:22:00+05:30,974.25,974.25,973.1500244140625,973.7000122070312,837
2021-06-17 11:23:00+05:30,974.25,974.25,973.5,973.6500244140625,182
2021-06-17 11:24:00+05:30,973.6500244140625,974.2000122070312,973.4500122070312,973.75,84
2021-06-17 11:25:00+05:30,973.5999755859375,974.2000122070312,973.0,974.2000122070312,2578
2021-06-17 11:26:00+05:30,973.5499877929688,974.2000122070312,973.5499877929688,973.5999755859375,270
2021-06-17 11:27:00+05:30,973.5999755859375,974.2000122070312,973.5999755859375,974.2000122070312,69
2021-06-17 11:28:00+05:30,974.0,974.2000122070312,973.5999755859375,974.1500244140625,358
2021-06-17 11:29:00+05:30,973.7000122070312,974.2000122070312,973.6500244140625,973.6500244140625,0
2021-06-17 11:30:00+05:30,974.0,975.0,973.7999877929688,975.0,1773
2021-06-17 11:31:00+05:30,974.2999877929688,975.0,973.9500122070312,974.0,2470
2021-06-17 11:32:00+05:30,974.0499877929688,974.4500122070312,973.4500122070312,974.0,51
2021-06-17 11:33:00+05:30,974.0,975.0,974.0,974.0,729
2021-06-17 11:34:00+05:30,974.0,974.0499877929688,972.7999877929688,973.7000122070312,504
2021-06-17 11:35:00+05:30,974.5,974.5,973.25,973.5999755859375,38
2021-06-17 11:36:00+05:30,974.2000122070312,974.4500122070312,973.1500244140625,974.0999755859375,1405
2021-06-17 11:37:00+05:30,974.0499877929688,974.9000244140625,973.8499755859375,974.0,82
2021-06-17 11:38:00+05:30,974.0499877929688,974.6500244140625,973.4500122070312,973.5,95
2021-06-17 11:39:00+05:30,973.9000244140625,974.5499877929688,973.5,973.8499755859375,39
2021-06-17 11:40:00+05:30,973.8499755859375,974.0,973.2000122070312,973.9000244140625,258
2021-06-17 11:41:00+05:30,973.7999877929688,974.9000244140625,973.7999877929688,974.0,155
2021-06-17 11:42:00+05:30,974.0,974.6500244140625,973.7000122070312,974.5999755859375,113
2021-06-17 11:43:00+05:30,974.5499877929688,974.8499755859375,974.0,974.5,127
2021-06-17 11:44:00+05:30,974.5,974.7999877929688,973.9000244140625,974.0499877929688,283
2021-06-17 11:45:00+05:30,974.0499877929688,974.0499877929688,974.0,974.0,35
2021-06-17 11:46:00+05:30,974.0499877929688,974.5499877929688,974.0,974.0,49
2021-06-17 11:47:00+05:30,974.0,974.5,974.0,974.5,69
2021-06-17 11:48:00+05:30,974.0,974.5,974.0,974.0,48
2021-06-17 11:49:00+05:30,974.5,974.7000122070312,974.0,974.1500244140625,533
2021-06-17 11:50:00+05:30,974.9500122070312,976.0,974.0,975.75,3256
2021-06-17 11:51:00+05:30,974.75,975.9500122070312,974.75,975.5,227
2021-06-17 11:52:00+05:30,975.4000244140625,976.0,974.7999877929688,976.0,711
2021-06-17 11:53:00+05:30,975.9500122070312,976.0,974.9000244140625,975.9500122070312,208
2021-06-17 11:54:00+05:30,974.9000244140625,976.0,974.9000244140625,974.9000244140625,118
2021-06-17 11:55:00+05:30,974.9000244140625,975.8499755859375,974.0,975.2999877929688,1810
2021-06-17 11:56:00+05:30,974.0499877929688,975.6500244140625,974.0,975.6500244140625,262
2021-06-17 11:57:00+05:30,975.8499755859375,975.8499755859375,974.4500122070312,974.5499877929688,80
2021-06-17 11:58:00+05:30,974.9000244140625,975.0,974.0999755859375,974.0999755859375,211
2021-06-17 11:59:00+05:30,974.0499877929688,975.0,974.0,974.9000244140625,2670
2021-06-17 12:00:00+05:30,974.0499877929688,974.8499755859375,974.0,974.0499877929688,171
2021-06-17 12:01:00+05:30,974.0499877929688,974.7000122070312,974.0,974.0,69
2021-06-17 12:02:00+05:30,974.0,974.7999877929688,974.0,974.75,744
2021-06-17 12:03:00+05:30,974.0,974.9000244140625,974.0,974.0,174
2021-06-17 12:04:00+05:30,974.0,974.9000244140625,973.2999877929688,973.4000244140625,1327
2021-06-17 12:05:00+05:30,973.5499877929688,974.9500122070312,973.4000244140625,974.0499877929688,51
2021-06-17 12:06:00+05:30,974.0,974.9500122070312,973.7000122070312,973.7000122070312,59
2021-06-17 12:07:00+05:30,973.7000122070312,974.3499755859375,973.7000122070312,974.3499755859375,42
2021-06-17 12:08:00+05:30,973.75,974.3499755859375,973.75,973.75,101
2021-06-17 12:09:00+05:30,973.75,974.5499877929688,973.75,974.3499755859375,352
2021-06-17 12:10:00+05:30,973.7999877929688,974.3499755859375,972.4000244140625,972.4000244140625,2370
2021-06-17 12:11:00+05:30,972.4000244140625,974.9000244140625,972.4000244140625,973.9500122070312,199
2021-06-17 12:12:00+05:30,974.9000244140625,974.9000244140625,973.25,973.7999877929688,119
2021-06-17 12:13:00+05:30,974.9000244140625,974.9000244140625,973.3499755859375,974.9000244140625,148
2021-06-17 12:14:00+05:30,974.9000244140625,975.0,974.0,975.0,2215
2021-06-17 12:15:00+05:30,974.2000122070312,975.0,973.5999755859375,973.75,1117
2021-06-17 12:16:00+05:30,974.0,974.9000244140625,974.0,974.0,59
2021-06-17 12:17:00+05:30,974.0,974.9000244140625,974.0,974.0,210
2021-06-17 12:18:00+05:30,974.0,975.0,974.0,974.0999755859375,94
2021-06-17 12:19:00+05:30,974.0499877929688,974.9000244140625,974.0,974.8499755859375,90
2021-06-17 12:20:00+05:30,974.0,974.3499755859375,974.0,974.0,98
2021-06-17 12:21:00+05:30,974.0,974.8499755859375,974.0,974.0499877929688,175
2021-06-17 12:22:00+05:30,974.0499877929688,974.0999755859375,973.0999755859375,973.0999755859375,140
2021-06-17 12:23:00+05:30,973.0499877929688,973.7000122070312,972.8499755859375,972.8499755859375,107
2021-06-17 12:24:00+05:30,973.8499755859375,973.8499755859375,972.7999877929688,972.7999877929688,53
2021-06-17 12:25:00+05:30,973.9500122070312,974.0,972.8499755859375,974.0,50
2021-06-17 12:26:00+05:30,972.8499755859375,973.9500122070312,972.75,973.9000244140625,138
2021-06-17 12:27:00+05:30,973.1500244140625,973.7000122070312,972.7999877929688,973.0,13
2021-06-17 12:28:00+05:30,973.75,973.75,972.7999877929688,972.7999877929688,94
2021-06-17 12:29:00+05:30,972.9500122070312,973.7000122070312,972.7999877929688,973.2000122070312,162
2021-06-17 12:30:00+05:30,973.2000122070312,973.2000122070312,972.7999877929688,972.8499755859375,34
2021-06-17 12:31:00+05:30,972.8499755859375,974.0,972.7999877929688,973.2000122070312,261
2021-06-17 12:32:00+05:30,973.0,973.9500122070312,972.5999755859375,973.4500122070312,440
2021-06-17 12:33:00+05:30,972.7000122070312,973.3499755859375,972.25,972.2999877929688,50
2021-06-17 12:34:00+05:30,972.25,972.9500122070312,972.2000122070312,972.25,295
2021-06-17 12:35:00+05:30,972.2999877929688,973.75,972.2999877929688,973.75,99
2021-06-17 12:36:00+05:30,972.9000244140625,973.0,972.5999755859375,973.0,44
2021-06-17 12:37:00+05:30,972.6500244140625,975.0,972.2000122070312,973.9000244140625,1022
2021-06-17 12:38:00+05:30,973.7999877929688,974.9000244140625,973.7999877929688,974.3499755859375,38
2021-06-17 12:39:00+05:30,973.8499755859375,974.9500122070312,973.5499877929688,973.7000122070312,323
2021-06-17 12:40:00+05:30,973.7000122070312,974.25,973.7000122070312,973.7000122070312,25
2021-06-17 12:41:00+05:30,974.7000122070312,974.7000122070312,973.7000122070312,973.75,36
2021-06-17 12:42:00+05:30,973.75,973.9000244140625,973.0,973.0,46
2021-06-17 12:43:00+05:30,973.0,974.1500244140625,973.0,973.0999755859375,386
2021-06-17 12:44:00+05:30,973.0999755859375,974.2999877929688,973.0999755859375,973.25,37
2021-06-17 12:45:00+05:30,973.25,974.3499755859375,973.0999755859375,973.1500244140625,141
2021-06-17 12:46:00+05:30,973.1500244140625,974.3499755859375,973.1500244140625,973.2000122070312,21
2021-06-17 12:47:00+05:30,973.8499755859375,975.0,973.8499755859375,974.9500122070312,197
2021-06-17 12:48:00+05:30,974.9500122070312,974.9500122070312,974.0999755859375,974.0999755859375,11
2021-06-17 12:49:00+05:30,974.9500122070312,974.9500122070312,974.0999755859375,974.9000244140625,132
2021-06-17 12:50:00+05:30,974.0999755859375,974.8499755859375,973.0999755859375,973.6500244140625,1100
2021-06-17 12:51:00+05:30,973.6500244140625,974.0,973.2000122070312,973.2000122070312,209
2021-06-17 12:52:00+05:30,973.2000122070312,974.0,973.2000122070312,973.2000122070312,28
2021-06-17 12:53:00+05:30,973.2000122070312,974.0,973.2000122070312,973.2000122070312,31
2021-06-17 12:54:00+05:30,974.0,974.0,973.2000122070312,973.2000122070312,157
2021-06-17 12:55:00+05:30,973.2000122070312,974.0,972.7000122070312,972.7000122070312,160
2021-06-17 12:56:00+05:30,972.7000122070312,973.5,972.4500122070312,973.5,120
2021-06-17 12:57:00+05:30,973.9500122070312,974.9500122070312,973.1500244140625,974.9500122070312,458
2021-06-17 12:58:00+05:30,974.0,974.9500122070312,974.0,974.0,32
2021-06-17 12:59:00+05:30,974.0,974.9000244140625,974.0,974.0,26
2021-06-17 13:00:00+05:30,974.0,974.8499755859375,973.5999755859375,973.7999877929688,298
2021-06-17 13:01:00+05:30,973.7999877929688,974.8499755859375,973.1500244140625,973.4500122070312,357
2021-06-17 13:02:00+05:30,973.4500122070312,974.3499755859375,973.0,973.0499877929688,138
2021-06-17 13:03:00+05:30,973.4000244140625,974.2999877929688,973.4000244140625,973.4000244140625,52
2021-06-17 13:04:00+05:30,973.4500122070312,974.7999877929688,973.4500122070312,973.7999877929688,187
2021-06-17 13:05:00+05:30,974.75,974.75,973.5,973.5999755859375,684
2021-06-17 13:06:00+05:30,973.5999755859375,974.3499755859375,973.4500122070312,974.2999877929688,35
2021-06-17 13:07:00+05:30,973.4500122070312,974.2999877929688,973.2000122070312,973.2999877929688,59
2021-06-17 13:08:00+05:30,973.2999877929688,973.2999877929688,973.2999877929688,973.2999877929688,45
2021-06-17 13:09:00+05:30,974.2000122070312,974.2000122070312,973.2999877929688,973.2999877929688,76
2021-06-17 13:10:00+05:30,973.2999877929688,974.1500244140625,973.2000122070312,973.7000122070312,378
2021-06-17 13:11:00+05:30,973.3499755859375,974.8499755859375,973.3499755859375,974.2999877929688,231
2021-06-17 13:12:00+05:30,973.6500244140625,974.3499755859375,973.2000122070312,973.2000122070312,515
2021-06-17 13:13:00+05:30,973.3499755859375,973.3499755859375,972.2000122070312,972.25,271
2021-06-17 13:14:00+05:30,972.4500122070312,972.8499755859375,972.2000122070312,972.25,68
2021-06-17 13:15:00+05:30,972.2999877929688,972.3499755859375,972.25,972.2999877929688,42
2021-06-17 13:16:00+05:30,972.2999877929688,973.1500244140625,971.5,971.5,778
2021-06-17 13:17:00+05:30,971.8499755859375,972.0,971.2000122070312,971.2000122070312,111
2021-06-17 13:18:00+05:30,971.25,972.0,971.0499877929688,971.2000122070312,119
2021-06-17 13:19:00+05:30,972.1500244140625,973.1500244140625,971.0999755859375,971.4000244140625,1523
2021-06-17 13:20:00+05:30,971.7999877929688,972.3499755859375,971.2000122070312,971.2000122070312,125
2021-06-17 13:21:00+05:30,971.2000122070312,971.25,970.8499755859375,970.8499755859375,2056
2021-06-17 13:22:00+05:30,970.5,971.2999877929688,970.2000122070312,970.6500244140625,79
2021-06-17 13:23:00+05:30,970.2999877929688,970.6500244140625,970.1500244140625,970.1500244140625,79
2021-06-17 13:24:00+05:30,970.1500244140625,972.7000122070312,970.1500244140625,971.5499877929688,98
2021-06-17 13:25:00+05:30,971.5499877929688,972.6500244140625,971.5,971.5999755859375,117
2021-06-17 13:26:00+05:30,971.5999755859375,971.6500244140625,971.5999755859375,971.5999755859375,47
2021-06-17 13:27:00+05:30,971.5999755859375,972.5999755859375,971.5999755859375,971.6500244140625,57
2021-06-17 13:28:00+05:30,971.5999755859375,972.5999755859375,971.5999755859375,972.0999755859375,75
2021-06-17 13:29:00+05:30,972.5999755859375,972.5999755859375,971.7000122070312,971.75,85
2021-06-17 13:30:00+05:30,971.75,972.5,971.75,971.9000244140625,163
2021-06-17 13:31:00+05:30,971.9000244140625,972.2000122070312,971.9000244140625,971.9000244140625,48
2021-06-17 13:32:00+05:30,971.9000244140625,971.9500122070312,971.9000244140625,971.9500122070312,42
2021-06-17 13:33:00+05:30,971.9500122070312,972.5999755859375,971.9000244140625,971.9000244140625,73
2021-06-17 13:34:00+05:30,971.9000244140625,972.5499877929688,971.8499755859375,972.2999877929688,71
2021-06-17 13:35:00+05:30,972.2999877929688,972.5499877929688,971.6500244140625,971.6500244140625,167
2021-06-17 13:36:00+05:30,971.6500244140625,971.7000122070312,971.6500244140625,971.6500244140625,53
2021-06-17 13:37:00+05:30,971.6500244140625,972.4000244140625,971.5999755859375,971.5999755859375,54
2021-06-17 13:38:00+05:30,971.5,971.5999755859375,971.5,971.5,312
2021-06-17 13:39:00+05:30,971.5,971.5,970.1500244140625,971.3499755859375,2153
2021-06-17 13:40:00+05:30,970.25,971.3499755859375,970.2000122070312,970.25,79
2021-06-17 13:41:00+05:30,970.25,971.2000122070312,970.25,971.0499877929688,32
2021-06-17 13:42:00+05:30,971.0499877929688,972.1500244140625,970.3499755859375,971.1500244140625,70
2021-06-17 13:43:00+05:30,970.4500122070312,972.0,970.4500122070312,971.4500122070312,225
2021-06-17 13:44:00+05:30,970.75,972.0,970.5999755859375,972.0,231
2021-06-17 13:45:00+05:30,970.7999877929688,973.2999877929688,970.6500244140625,972.25,995
2021-06-17 13:46:00+05:30,971.7999877929688,973.0999755859375,971.5,971.8499755859375,31
2021-06-17 13:47:00+05:30,971.7999877929688,971.7999877929688,971.4500122070312,971.5999755859375,19
2021-06-17 13:48:00+05:30,971.5999755859375,972.3499755859375,971.5999755859375,972.1500244140625,33
2021-06-17 13:49:00+05:30,973.3499755859375,973.5,972.3499755859375,973.2999877929688,155
2021-06-17 13:50:00+05:30,972.25,973.5,971.9000244140625,973.5,106
2021-06-17 13:51:00+05:30,973.0,973.9500122070312,972.5,973.9000244140625,236
2021-06-17 13:52:00+05:30,973.9000244140625,973.9000244140625,972.9500122070312,972.9500122070312,50
2021-06-17 13:53:00+05:30,972.9500122070312,973.0,972.5,972.5,37
2021-06-17 13:54:00+05:30,972.5,972.9500122070312,972.5,972.5,24
2021-06-17 13:55:00+05:30,972.5,972.9500122070312,972.5,972.7000122070312,36
2021-06-17 13:56:00+05:30,972.0999755859375,972.7999877929688,971.4500122070312,972.7999877929688,164
2021-06-17 13:57:00+05:30,972.0999755859375,972.9000244140625,971.9500122070312,972.0499877929688,100
2021-06-17 13:58:00+05:30,972.4500122070312,972.7999877929688,971.8499755859375,971.9000244140625,29
2021-06-17 13:59:00+05:30,971.9000244140625,972.7000122070312,971.9000244140625,971.9500122070312,30
2021-06-17 14:00:00+05:30,972.2999877929688,972.7000122070312,971.9500122070312,972.0,14
2021-06-17 14:01:00+05:30,972.0,972.6500244140625,972.0,972.6500244140625,89
2021-06-17 14:02:00+05:30,972.0499877929688,972.6500244140625,971.9500122070312,972.0499877929688,254
2021-06-17 14:03:00+05:30,972.0499877929688,972.5999755859375,972.0499877929688,972.5999755859375,53
2021-06-17 14:04:00+05:30,972.2999877929688,972.75,972.0999755859375,972.0999755859375,739
2021-06-17 14:05:00+05:30,972.0999755859375,973.9500122070312,972.0999755859375,973.8499755859375,491
2021-06-17 14:06:00+05:30,972.6500244140625,973.5999755859375,972.5999755859375,972.5999755859375,43
2021-06-17 14:07:00+05:30,972.7000122070312,973.4500122070312,972.0999755859375,972.0999755859375,86
2021-06-17 14:08:00+05:30,972.0999755859375,972.4500122070312,971.0,971.0,726
2021-06-17 14:09:00+05:30,971.0,971.0,970.2999877929688,970.2999877929688,556
2021-06-17 14:10:00+05:30,971.0,971.0,970.2999877929688,970.2999877929688,159
2021-06-17 14:11:00+05:30,970.2999877929688,972.2000122070312,970.25,971.2999877929688,2715
2021-06-17 14:12:00+05:30,971.25,971.7000122070312,970.4000244140625,970.4500122070312,80
2021-06-17 14:13:00+05:30,970.2000122070312,971.0,968.5499877929688,968.5499877929688,1794
2021-06-17 14:14:00+05:30,968.5999755859375,969.7999877929688,968.5499877929688,969.75,1690
2021-06-17 14:15:00+05:30,969.1500244140625,970.2999877929688,968.75,968.75,111
2021-06-17 14:16:00+05:30,968.75,971.2000122070312,968.7000122070312,971.2000122070312,283
2021-06-17 14:17:00+05:30,971.1500244140625,971.9000244140625,969.0999755859375,970.2999877929688,275
2021-06-17 14:18:00+05:30,969.6500244140625,971.2000122070312,969.0499877929688,969.0499877929688,126
2021-06-17 14:19:00+05:30,969.8499755859375,969.8499755859375,967.0,967.0,1874
2021-06-17 14:20:00+05:30,967.0,968.3499755859375,966.6500244140625,966.6500244140625,539
2021-06-17 14:21:00+05:30,966.6500244140625,967.7000122070312,966.6500244140625,967.7000122070312,360
2021-06-17 14:22:00+05:30,968.0,968.4500122070312,966.9000244140625,966.9000244140625,337
2021-06-17 14:23:00+05:30,967.9500122070312,967.9500122070312,966.0,966.0499877929688,1312
2021-06-17 14:24:00+05:30,966.0499877929688,968.75,966.0499877929688,966.7000122070312,402
2021-06-17 14:25:00+05:30,967.0,968.4000244140625,967.0,968.4000244140625,233
2021-06-17 14:26:00+05:30,968.6500244140625,968.6500244140625,965.7999877929688,965.8499755859375,1066
2021-06-17 14:27:00+05:30,965.8499755859375,968.9000244140625,965.8499755859375,966.5999755859375,504
2021-06-17 14:28:00+05:30,966.75,967.75,966.5499877929688,967.75,37
2021-06-17 14:29:00+05:30,967.7000122070312,968.4000244140625,967.7000122070312,968.4000244140625,230
2021-06-17 14:30:00+05:30,967.7000122070312,968.4000244140625,967.0499877929688,967.9500122070312,44
2021-06-17 14:31:00+05:30,969.0499877929688,970.0,968.5,970.0,157
2021-06-17 14:32:00+05:30,968.7999877929688,970.0,968.2999877929688,969.1500244140625,428
2021-06-17 14:33:00+05:30,970.4500122070312,970.5,969.0499877929688,970.5,166
2021-06-17 14:34:00+05:30,969.4000244140625,970.5,969.3499755859375,970.4000244140625,97
2021-06-17 14:35:00+05:30,969.4500122070312,970.4000244140625,969.4000244140625,969.4000244140625,41
2021-06-17 14:36:00+05:30,969.4000244140625,970.2000122070312,969.4000244140625,969.5,126
2021-06-17 14:37:00+05:30,969.5,969.6500244140625,968.0499877929688,969.6500244140625,318
2021-06-17 14:38:00+05:30,968.5999755859375,969.3499755859375,968.0,968.0,179
2021-06-17 14:39:00+05:30,969.0499877929688,969.2999877929688,968.0,968.0999755859375,200
2021-06-17 14:40:00+05:30,968.0,968.9500122070312,967.6500244140625,968.0,196
2021-06-17 14:41:00+05:30,967.2999877929688,968.0999755859375,967.0499877929688,968.0999755859375,90
2021-06-17 14:42:00+05:30,967.1500244140625,967.8499755859375,967.0,967.8499755859375,253
2021-06-17 14:43:00+05:30,967.0,967.8499755859375,967.0,967.0,719
2021-06-17 14:44:00+05:30,967.0,968.5,967.0,968.5,154
2021-06-17 14:45:00+05:30,967.25,968.9500122070312,967.25,968.9500122070312,66
2021-06-17 14:46:00+05:30,968.9500122070312,969.2000122070312,967.8499755859375,967.8499755859375,95
2021-06-17 14:47:00+05:30,968.4000244140625,969.0,968.4000244140625,968.4000244140625,73
2021-06-17 14:48:00+05:30,968.4000244140625,969.0,968.4000244140625,968.4000244140625,48
2021-06-17 14:49:00+05:30,968.4000244140625,969.0,968.4000244140625,968.7000122070312,28
2021-06-17 14:50:00+05:30,968.7000122070312,968.7000122070312,967.6500244140625,968.0,107
2021-06-17 14:51:00+05:30,968.7000122070312,968.7000122070312,968.0,968.0,185
2021-06-17 14:52:00+05:30,968.0,968.5,968.0,968.0,39
2021-06-17 14:53:00+05:30,968.0,968.0,967.0,967.0499877929688,954
2021-06-17 14:54:00+05:30,968.0,968.0,967.0,967.0,120
2021-06-17 14:55:00+05:30,967.0499877929688,967.75,967.0,967.75,95
2021-06-17 14:56:00+05:30,967.0,967.7999877929688,965.0,967.7999877929688,2481
2021-06-17 14:57:00+05:30,967.7999877929688,967.7999877929688,966.2000122070312,967.0,43
2021-06-17 14:58:00+05:30,967.0,968.0,966.1500244140625,967.5499877929688,603
2021-06-17 14:59:00+05:30,966.4500122070312,967.3499755859375,966.0999755859375,967.0,49
2021-06-17 15:00:00+05:30,966.0999755859375,967.0,966.0999755859375,966.4000244140625,26
2021-06-17 15:01:00+05:30,966.25,968.7000122070312,966.25,968.7000122070312,246
2021-06-17 15:02:00+05:30,967.75,967.75,967.4500122070312,967.7000122070312,0
2021-06-17 15:03:00+05:30,967.7000122070312,970.0,967.6500244140625,970.0,725
2021-06-17 15:04:00+05:30,968.1500244140625,970.8499755859375,968.1500244140625,970.5,437
2021-06-17 15:05:00+05:30,969.9500122070312,971.6500244140625,969.75,970.1500244140625,163
2021-06-17 15:06:00+05:30,970.1500244140625,971.0,970.0999755859375,970.2000122070312,552
2021-06-17 15:07:00+05:30,971.0,971.9500122070312,970.2999877929688,970.7000122070312,646
2021-06-17 15:08:00+05:30,971.7999877929688,972.5499877929688,970.9500122070312,971.0499877929688,869
2021-06-17 15:09:00+05:30,971.0,974.0,971.0,974.0,463
2021-06-17 15:10:00+05:30,972.0499877929688,974.0499877929688,971.25,972.7999877929688,444
2021-06-17 15:11:00+05:30,974.0,974.0,972.5,972.5499877929688,493
2021-06-17 15:12:00+05:30,972.5,973.5,971.0,971.0499877929688,1716
2021-06-17 15:13:00+05:30,970.9500122070312,972.0,970.1500244140625,970.1500244140625,214
2021-06-17 15:14:00+05:30,970.1500244140625,971.3499755859375,970.0999755859375,970.0999755859375,277
2021-06-17 15:15:00+05:30,970.9500122070312,971.8499755859375,970.0999755859375,971.8499755859375,1106
2021-06-17 15:16:00+05:30,971.4500122070312,972.0,970.0999755859375,970.0999755859375,443
2021-06-17 15:17:00+05:30,970.9500122070312,971.9500122070312,970.2999877929688,971.9500122070312,1046
2021-06-17 15:18:00+05:30,971.7000122070312,972.9000244140625,970.0,970.5,1539
2021-06-17 15:19:00+05:30,971.9000244140625,971.9000244140625,968.0,968.0,1057
2021-06-17 15:20:00+05:30,969.5999755859375,973.8499755859375,969.5999755859375,972.8499755859375,1355
2021-06-17 15:21:00+05:30,971.7999877929688,971.9000244140625,961.5499877929688,965.0,3446
2021-06-17 15:22:00+05:30,965.0,968.2999877929688,964.0,968.2999877929688,276
2021-06-17 15:23:00+05:30,965.1500244140625,965.5499877929688,962.25,962.2999877929688,352
2021-06-17 15:24:00+05:30,962.3499755859375,965.0,962.3499755859375,965.0,120
2021-06-17 15:25:00+05:30,964.8499755859375,966.5499877929688,963.6500244140625,966.5499877929688,255
2021-06-17 15:26:00+05:30,967.1500244140625,969.0,967.1500244140625,969.0,175
2021-06-17 15:27:00+05:30,966.5,970.0499877929688,966.5,970.0499877929688,1482
2021-06-17 15:28:00+05:30,970.0499877929688,971.0,970.0,970.2000122070312,486
2021-06-17 15:29:00+05:30,970.0999755859375,972.9500122070312,969.9500122070312,969.9500122070312,1826
2021-06-18 09:15:00+05:30,976.7000122070312,976.7000122070312,975.0,975.9000244140625,0
2021-06-18 09:16:00+05:30,975.0999755859375,975.1500244140625,972.0999755859375,973.0499877929688,1354
2021-06-18 09:17:00+05:30,972.5999755859375,973.4000244140625,972.0,972.0,520
2021-06-18 09:18:00+05:30,972.0,972.0,969.1500244140625,969.1500244140625,950
2021-06-18 09:19:00+05:30,969.1500244140625,970.7999877929688,969.1500244140625,969.7999877929688,227
2021-06-18 09:20:00+05:30,969.75,971.0,969.0,969.0,1121
2021-06-18 09:21:00+05:30,968.0,968.0,966.25,967.0,1192
2021-06-18 09:22:00+05:30,967.9000244140625,968.3499755859375,966.0,966.5,575
2021-06-18 09:23:00+05:30,965.2999877929688,966.4000244140625,964.6500244140625,965.75,1280
2021-06-18 09:24:00+05:30,965.75,969.3499755859375,964.9500122070312,969.3499755859375,1448
2021-06-18 09:25:00+05:30,969.2999877929688,972.0499877929688,969.2999877929688,972.0499877929688,974
2021-06-18 09:26:00+05:30,970.0499877929688,971.5,967.9500122070312,969.75,959
2021-06-18 09:27:00+05:30,969.4500122070312,970.0,968.0,969.0,299
2021-06-18 09:28:00+05:30,968.8499755859375,971.3499755859375,968.8499755859375,969.4000244140625,441
2021-06-18 09:29:00+05:30,971.0,971.0,968.2000122070312,968.6500244140625,138
2021-06-18 09:30:00+05:30,968.6500244140625,969.8499755859375,966.4000244140625,967.5499877929688,103
2021-06-18 09:31:00+05:30,966.1500244140625,967.5999755859375,966.0,967.5999755859375,123
2021-06-18 09:32:00+05:30,967.5999755859375,967.5999755859375,965.7999877929688,965.8499755859375,203
2021-06-18 09:33:00+05:30,968.4500122070312,970.0,968.4500122070312,970.0,320
2021-06-18 09:34:00+05:30,970.0,970.0,968.0,968.0,191
2021-06-18 09:35:00+05:30,968.75,969.0,968.0,968.0,0
2021-06-18 09:36:00+05:30,968.0,968.0,968.0,968.0,351
2021-06-18 09:37:00+05:30,966.6500244140625,966.6500244140625,964.2000122070312,965.0499877929688,715
2021-06-18 09:38:00+05:30,965.5499877929688,966.5,965.0,966.5,247
2021-06-18 09:39:00+05:30,968.3499755859375,968.3499755859375,965.0,967.5999755859375,2418
2021-06-18 09:40:00+05:30,967.0,970.2000122070312,967.0,967.5999755859375,3473
2021-06-18 09:41:00+05:30,967.4000244140625,968.5,967.0499877929688,967.4500122070312,243
2021-06-18 09:42:00+05:30,966.7000122070312,966.8499755859375,965.5499877929688,965.75,340
2021-06-18 09:43:00+05:30,965.7000122070312,967.1500244140625,965.7000122070312,965.7000122070312,107
2021-06-18 09:44:00+05:30,966.7999877929688,966.7999877929688,965.0,965.0,229
2021-06-18 09:45:00+05:30,965.75,966.8499755859375,963.4000244140625,963.5499877929688,1111
2021-06-18 09:46:00+05:30,962.4500122070312,962.7999877929688,961.25,962.7999877929688,308
2021-06-18 09:47:00+05:30,963.25,963.4500122070312,962.0,963.4500122070312,281
2021-06-18 09:48:00+05:30,962.4000244140625,963.0,962.4000244140625,962.9500122070312,79
2021-06-18 09:49:00+05:30,962.0,962.7999877929688,962.0,962.6500244140625,311
2021-06-18 09:50:00+05:30,962.0,962.9500122070312,961.0499877929688,961.0999755859375,296
2021-06-18 09:51:00+05:30,961.0999755859375,962.4500122070312,960.5499877929688,960.9000244140625,1199
2021-06-18 09:52:00+05:30,960.9000244140625,960.9000244140625,958.4000244140625,958.5499877929688,1317
2021-06-18 09:53:00+05:30,958.5999755859375,959.75,956.0999755859375,956.0999755859375,435
2021-06-18 09:54:00+05:30,956.0,956.75,955.0,956.1500244140625,1716
2021-06-18 09:55:00+05:30,956.2000122070312,957.1500244140625,955.8499755859375,956.2999877929688,661
2021-06-18 09:56:00+05:30,958.0499877929688,958.0499877929688,955.4000244140625,955.4000244140625,492
2021-06-18 09:57:00+05:30,955.3499755859375,955.3499755859375,951.8499755859375,951.9500122070312,930
2021-06-18 09:58:00+05:30,952.4000244140625,955.0,952.4000244140625,954.4000244140625,565
2021-06-18 09:59:00+05:30,954.2000122070312,954.2000122070312,953.0,954.2000122070312,520
2021-06-18 10:00:00+05:30,956.0,956.0,952.0,953.3499755859375,857
2021-06-18 10:01:00+05:30,952.25,953.3499755859375,951.6500244140625,953.3499755859375,698
2021-06-18 10:02:00+05:30,952.8499755859375,953.9000244140625,951.5499877929688,953.8499755859375,1334
2021-06-18 10:03:00+05:30,952.5,956.7999877929688,951.7000122070312,956.7999877929688,710
2021-06-18 10:04:00+05:30,955.8499755859375,958.0,955.5,956.5999755859375,1270
2021-06-18 10:05:00+05:30,957.3499755859375,958.0999755859375,955.9000244140625,956.4500122070312,702
2021-06-18 10:06:00+05:30,956.2999877929688,958.7000122070312,956.25,958.7000122070312,181
2021-06-18 10:07:00+05:30,958.7000122070312,958.7000122070312,955.0999755859375,955.0999755859375,833
2021-06-18 10:08:00+05:30,957.7999877929688,958.0999755859375,956.5499877929688,958.0999755859375,1169
2021-06-18 10:09:00+05:30,958.0999755859375,958.0999755859375,956.4000244140625,956.4000244140625,32
2021-06-18 10:10:00+05:30,957.75,957.75,955.0,955.0,145
2021-06-18 10:11:00+05:30,955.0999755859375,957.0,955.0999755859375,955.75,97
2021-06-18 10:12:00+05:30,954.9500122070312,956.7999877929688,954.9500122070312,955.0499877929688,195
2021-06-18 10:13:00+05:30,955.0,956.0,953.5499877929688,953.7000122070312,400
2021-06-18 10:14:00+05:30,954.25,954.7000122070312,952.8499755859375,954.7000122070312,378
2021-06-18 10:15:00+05:30,953.1500244140625,954.6500244140625,952.75,954.2000122070312,180
2021-06-18 10:16:00+05:30,952.75,954.6500244140625,952.75,952.9000244140625,301
2021-06-18 10:17:00+05:30,954.0499877929688,954.1500244140625,952.9500122070312,954.1500244140625,9
2021-06-18 10:18:00+05:30,953.8499755859375,953.8499755859375,953.25,953.25,122
2021-06-18 10:19:00+05:30,953.0,953.75,952.75,953.75,1118
2021-06-18 10:20:00+05:30,952.8499755859375,954.2000122070312,952.8499755859375,953.3499755859375,101
2021-06-18 10:21:00+05:30,953.75,953.75,952.5,953.7000122070312,556
2021-06-18 10:22:00+05:30,952.6500244140625,953.2999877929688,952.5499877929688,952.5499877929688,46
2021-06-18 10:23:00+05:30,952.5499877929688,953.7999877929688,952.5499877929688,953.5999755859375,54
2021-06-18 10:24:00+05:30,953.0,953.9500122070312,952.0,952.0,547
2021-06-18 10:25:00+05:30,952.0,952.9500122070312,948.0,948.0,4812
2021-06-18 10:26:00+05:30,948.0499877929688,948.0499877929688,943.0,943.0,2005
2021-06-18 10:27:00+05:30,944.1500244140625,944.6500244140625,942.0,944.3499755859375,643
2021-06-18 10:28:00+05:30,945.5499877929688,945.5499877929688,942.9500122070312,942.9500122070312,662
2021-06-18 10:29:00+05:30,942.9000244140625,944.4500122070312,942.6500244140625,942.6500244140625,177
2021-06-18 10:30:00+05:30,942.2000122070312,945.0999755859375,942.2000122070312,943.5,1273
2021-06-18 10:31:00+05:30,943.4500122070312,943.5,940.5999755859375,940.5999755859375,928
2021-06-18 10:32:00+05:30,940.0499877929688,940.0499877929688,936.5499877929688,939.4000244140625,2089
2021-06-18 10:33:00+05:30,939.0,941.2999877929688,937.8499755859375,940.0499877929688,538
2021-06-18 10:34:00+05:30,941.7000122070312,941.7000122070312,937.25,937.8499755859375,802
2021-06-18 10:35:00+05:30,937.7999877929688,942.0,937.7000122070312,941.5499877929688,373
2021-06-18 10:36:00+05:30,941.5,943.5499877929688,941.5,942.0499877929688,229
2021-06-18 10:37:00+05:30,942.7999877929688,942.7999877929688,940.1500244140625,940.1500244140625,134
2021-06-18 10:38:00+05:30,940.0499877929688,940.0499877929688,937.0,937.0,994
2021-06-18 10:39:00+05:30,937.8499755859375,939.5999755859375,937.0,937.1500244140625,944
2021-06-18 10:40:00+05:30,937.0,938.2000122070312,937.0,937.7999877929688,115
2021-06-18 10:41:00+05:30,937.7999877929688,938.9500122070312,937.0,938.9500122070312,80
2021-06-18 10:42:00+05:30,939.5499877929688,941.9500122070312,938.1500244140625,940.5999755859375,342
2021-06-18 10:43:00+05:30,940.0,942.2000122070312,940.0,940.6500244140625,533
2021-06-18 10:44:00+05:30,942.0,942.0,940.0,940.0,394
2021-06-18 10:45:00+05:30,938.0,939.4000244140625,937.7999877929688,939.0999755859375,1111
2021-06-18 10:46:00+05:30,940.5,941.3499755859375,938.5499877929688,938.5499877929688,1942
2021-06-18 10:47:00+05:30,939.0499877929688,940.9000244140625,939.0,940.9000244140625,181
2021-06-18 10:48:00+05:30,938.7999877929688,939.9500122070312,937.0,937.0,178
2021-06-18 10:49:00+05:30,937.5499877929688,937.5499877929688,931.1500244140625,934.0,2476
2021-06-18 10:50:00+05:30,933.5999755859375,933.5999755859375,930.25,932.1500244140625,562
2021-06-18 10:51:00+05:30,933.4000244140625,933.4000244140625,930.1500244140625,932.25,516
2021-06-18 10:52:00+05:30,931.0499877929688,932.0,925.7000122070312,927.8499755859375,1676
2021-06-18 10:53:00+05:30,927.9000244140625,930.7999877929688,927.9000244140625,930.7999877929688,1511
2021-06-18 10:54:00+05:30,930.3499755859375,930.3499755859375,928.3499755859375,930.0499877929688,556
2021-06-18 10:55:00+05:30,931.25,931.7999877929688,927.9500122070312,928.4000244140625,1698
2021-06-18 10:56:00+05:30,927.9500122070312,927.9500122070312,925.25,925.25,401
2021-06-18 10:57:00+05:30,925.2000122070312,927.0,925.1500244140625,925.1500244140625,385
2021-06-18 10:58:00+05:30,924.5999755859375,925.0,920.9000244140625,922.5499877929688,2474
2021-06-18 10:59:00+05:30,924.0999755859375,924.0999755859375,921.5,921.5,790
2021-06-18 11:00:00+05:30,921.0,923.6500244140625,921.0,923.6500244140625,875
2021-06-18 11:01:00+05:30,924.4000244140625,928.1500244140625,924.4000244140625,925.8499755859375,905
2021-06-18 11:02:00+05:30,928.0,928.0,923.7999877929688,925.75,975
2021-06-18 11:03:00+05:30,925.75,928.0,924.4000244140625,928.0,629
2021-06-18 11:04:00+05:30,926.7999877929688,926.7999877929688,923.0,923.4500122070312,511
2021-06-18 11:05:00+05:30,921.0499877929688,924.9500122070312,921.0,924.9500122070312,2137
2021-06-18 11:06:00+05:30,924.3499755859375,926.9500122070312,923.9500122070312,926.9500122070312,700
2021-06-18 11:07:00+05:30,927.5,930.7000122070312,926.0999755859375,929.6500244140625,1489
2021-06-18 11:08:00+05:30,928.3499755859375,931.9500122070312,928.0999755859375,931.9500122070312,648
2021-06-18 11:09:00+05:30,930.7999877929688,932.0,928.1500244140625,928.5,278
2021-06-18 11:10:00+05:30,928.5999755859375,931.0999755859375,928.5499877929688,928.5499877929688,327
2021-06-18 11:11:00+05:30,928.5,930.9000244140625,926.4000244140625,930.3499755859375,637
2021-06-18 11:12:00+05:30,930.3499755859375,932.9500122070312,930.3499755859375,932.9500122070312,143
2021-06-18 11:13:00+05:30,933.0,936.8499755859375,933.0,934.5499877929688,604
2021-06-18 11:14:00+05:30,934.0499877929688,938.9500122070312,934.0499877929688,937.6500244140625,599
2021-06-18 11:15:00+05:30,937.4000244140625,938.0,936.0,938.0,409
2021-06-18 11:16:00+05:30,936.4500122070312,937.9500122070312,935.7999877929688,936.0499877929688,456
2021-06-18 11:17:00+05:30,936.0,939.9500122070312,935.9000244140625,939.9500122070312,460
2021-06-18 11:18:00+05:30,939.9500122070312,940.25,938.75,940.25,777
2021-06-18 11:19:00+05:30,940.0,947.0,940.0,946.4000244140625,2904
2021-06-18 11:20:00+05:30,945.5499877929688,948.7999877929688,945.5499877929688,947.2000122070312,257
2021-06-18 11:21:00+05:30,947.0999755859375,948.9500122070312,945.0999755859375,945.0999755859375,1395
2021-06-18 11:22:00+05:30,943.9500122070312,944.0,943.0999755859375,943.5999755859375,126
2021-06-18 11:23:00+05:30,944.0,945.5,944.0,944.4000244140625,68
2021-06-18 11:24:00+05:30,945.3499755859375,945.3499755859375,942.4500122070312,942.4500122070312,139
2021-06-18 11:25:00+05:30,942.0,944.2999877929688,942.0,944.0,421
2021-06-18 11:26:00+05:30,942.4000244140625,944.0,942.0999755859375,944.0,80
2021-06-18 11:27:00+05:30,943.2999877929688,944.0,943.2999877929688,944.0,36
2021-06-18 11:28:00+05:30,943.1500244140625,943.1500244140625,940.0999755859375,941.4500122070312,608
2021-06-18 11:29:00+05:30,940.9000244140625,942.9500122070312,940.7000122070312,941.7000122070312,218
2021-06-18 11:30:00+05:30,942.5,943.0,942.5,942.7999877929688,73
2021-06-18 11:31:00+05:30,940.7999877929688,941.0,940.7999877929688,941.0,36
2021-06-18 11:32:00+05:30,940.4000244140625,940.4000244140625,939.2999877929688,939.2999877929688,564
2021-06-18 11:33:00+05:30,938.0,939.7999877929688,938.0,939.5999755859375,188
2021-06-18 11:34:00+05:30,938.2000122070312,941.3499755859375,938.2000122070312,940.0,509
2021-06-18 11:35:00+05:30,939.5999755859375,939.9500122070312,938.75,939.6500244140625,20
2021-06-18 11:36:00+05:30,938.25,939.7000122070312,938.25,939.7000122070312,53
2021-06-18 11:37:00+05:30,941.2999877929688,942.0,941.0,942.0,137
2021-06-18 11:38:00+05:30,942.0,942.2999877929688,939.9500122070312,942.2999877929688,323
2021-06-18 11:39:00+05:30,940.2000122070312,941.9500122070312,940.2000122070312,941.9000244140625,12
2021-06-18 11:40:00+05:30,939.7000122070312,943.0999755859375,939.7000122070312,941.0499877929688,358
2021-06-18 11:41:00+05:30,939.9000244140625,941.7999877929688,939.9000244140625,941.0499877929688,120
2021-06-18 11:42:00+05:30,941.5,942.3499755859375,940.6500244140625,942.3499755859375,213
2021-06-18 11:43:00+05:30,943.75,943.7999877929688,942.4000244140625,943.5,232
2021-06-18 11:44:00+05:30,942.4500122070312,943.75,942.4000244140625,942.6500244140625,15
2021-06-18 11:45:00+05:30,943.7000122070312,944.75,943.2000122070312,943.6500244140625,265
2021-06-18 11:46:00+05:30,944.8499755859375,944.9000244140625,943.6500244140625,944.9000244140625,22
2021-06-18 11:47:00+05:30,943.5499877929688,944.9500122070312,943.25,944.9500122070312,53
2021-06-18 11:48:00+05:30,944.2999877929688,944.2999877929688,943.9500122070312,943.9500122070312,17
2021-06-18 11:49:00+05:30,943.5999755859375,944.2000122070312,943.0499877929688,944.2000122070312,62
2021-06-18 11:50:00+05:30,943.5999755859375,944.8499755859375,943.2999877929688,944.8499755859375,0
2021-06-18 11:51:00+05:30,943.5499877929688,946.6500244140625,943.5499877929688,946.6500244140625,531
2021-06-18 11:52:00+05:30,946.6500244140625,948.0,946.6500244140625,947.75,419
2021-06-18 11:53:00+05:30,948.0,948.0,948.0,948.0,119
2021-06-18 11:54:00+05:30,948.5999755859375,948.7999877929688,947.2999877929688,948.2000122070312,197
2021-06-18 11:55:00+05:30,948.0,948.9500122070312,948.0,948.0499877929688,103
2021-06-18 11:56:00+05:30,949.4000244140625,949.5999755859375,947.5999755859375,948.5999755859375,117
2021-06-18 11:57:00+05:30,948.75,948.75,946.0,946.9000244140625,349
2021-06-18 11:58:00+05:30,948.5499877929688,948.5499877929688,948.5499877929688,948.5499877929688,0
2021-06-18 11:59:00+05:30,948.75,948.75,948.75,948.75,1
2021-06-18 12:00:00+05:30,948.75,948.75,946.6500244140625,946.6500244140625,238
2021-06-18 12:01:00+05:30,946.4000244140625,947.7000122070312,946.4000244140625,946.8499755859375,28
2021-06-18 12:02:00+05:30,947.7000122070312,948.75,946.7000122070312,948.75,98
2021-06-18 12:03:00+05:30,948.2000122070312,948.4500122070312,948.2000122070312,948.4500122070312,83
2021-06-18 12:04:00+05:30,948.5,948.5,947.2999877929688,948.0,39
2021-06-18 12:05:00+05:30,948.0,948.5,948.0,948.5,3
2021-06-18 12:06:00+05:30,948.4500122070312,948.75,947.7000122070312,947.7000122070312,167
2021-06-18 12:07:00+05:30,949.0,949.0,946.75,946.75,157
2021-06-18 12:08:00+05:30,946.5,946.7000122070312,946.0,946.0,268
2021-06-18 12:09:00+05:30,946.1500244140625,946.5999755859375,945.3499755859375,945.3499755859375,59
2021-06-18 12:10:00+05:30,945.2999877929688,946.1500244140625,942.7000122070312,942.7000122070312,346
2021-06-18 12:11:00+05:30,942.7000122070312,944.4500122070312,942.7000122070312,944.4500122070312,8
2021-06-18 12:12:00+05:30,944.4500122070312,944.4500122070312,943.2000122070312,943.2000122070312,61
2021-06-18 12:13:00+05:30,945.0,945.0,943.8499755859375,943.9000244140625,96
2021-06-18 12:14:00+05:30,945.1500244140625,946.9000244140625,945.1500244140625,946.9000244140625,79
2021-06-18 12:15:00+05:30,946.5,946.9000244140625,945.5499877929688,945.5499877929688,69
2021-06-18 12:16:00+05:30,945.75,948.1500244140625,945.75,946.4500122070312,68
2021-06-18 12:17:00+05:30,946.5,946.5,945.3499755859375,945.3499755859375,91
2021-06-18 12:18:00+05:30,945.0499877929688,945.75,945.0499877929688,945.0499877929688,13
2021-06-18 12:19:00+05:30,945.0499877929688,948.0,945.0499877929688,946.3499755859375,128
2021-06-18 12:20:00+05:30,946.3499755859375,947.9000244140625,945.25,946.0,498
2021-06-18 12:21:00+05:30,946.0,947.2000122070312,946.0,947.2000122070312,154
2021-06-18 12:22:00+05:30,947.5999755859375,947.5999755859375,946.5,947.5999755859375,0
2021-06-18 12:23:00+05:30,947.7000122070312,947.7000122070312,946.5,947.4000244140625,146
2021-06-18 12:24:00+05:30,947.7000122070312,947.7000122070312,947.6500244140625,947.6500244140625,83
2021-06-18 12:25:00+05:30,947.4500122070312,947.5499877929688,944.9500122070312,944.9500122070312,64
2021-06-18 12:26:00+05:30,945.0,946.25,943.0,945.5499877929688,62
2021-06-18 12:27:00+05:30,945.8499755859375,945.8499755859375,944.6500244140625,945.6500244140625,1206
2021-06-18 12:28:00+05:30,945.4000244140625,946.5,943.4500122070312,945.25,86
2021-06-18 12:29:00+05:30,945.4500122070312,945.5,944.2000122070312,944.2000122070312,98
2021-06-18 12:30:00+05:30,944.25,944.25,944.25,944.25,4
2021-06-18 12:31:00+05:30,946.0999755859375,947.0,946.0999755859375,947.0,27
2021-06-18 12:32:00+05:30,946.0,947.1500244140625,945.9500122070312,945.9500122070312,9
2021-06-18 12:33:00+05:30,946.5499877929688,946.5499877929688,945.1500244140625,945.1500244140625,28
2021-06-18 12:34:00+05:30,946.1500244140625,947.2000122070312,944.5,944.9500122070312,146
2021-06-18 12:35:00+05:30,945.6500244140625,947.2000122070312,945.5499877929688,946.9000244140625,15
2021-06-18 12:36:00+05:30,946.9000244140625,946.9000244140625,946.9000244140625,946.9000244140625,28
2021-06-18 12:37:00+05:30,947.5499877929688,947.5499877929688,946.9000244140625,946.9500122070312,53
2021-06-18 12:38:00+05:30,946.9500122070312,947.5,946.1500244140625,946.4500122070312,174
2021-06-18 12:39:00+05:30,947.5,947.5,945.5999755859375,946.5999755859375,257
2021-06-18 12:40:00+05:30,945.7000122070312,946.0499877929688,945.5,946.0499877929688,285
2021-06-18 12:41:00+05:30,944.2000122070312,946.4500122070312,944.2000122070312,946.4500122070312,76
2021-06-18 12:42:00+05:30,947.0999755859375,947.4000244140625,945.4000244140625,946.0999755859375,117
2021-06-18 12:43:00+05:30,947.4500122070312,947.5,946.6500244140625,947.5,125
2021-06-18 12:44:00+05:30,947.0,947.0,946.1500244140625,946.1500244140625,167
2021-06-18 12:45:00+05:30,947.4500122070312,947.4500122070312,946.2000122070312,946.2000122070312,0
2021-06-18 12:46:00+05:30,947.3499755859375,947.5,947.3499755859375,947.5,112
2021-06-18 12:47:00+05:30,947.3499755859375,947.5,946.4500122070312,946.4500122070312,153
2021-06-18 12:48:00+05:30,946.3499755859375,947.5,946.25,947.2999877929688,21
2021-06-18 12:49:00+05:30,947.4500122070312,947.4500122070312,946.4500122070312,946.4500122070312,0
2021-06-18 12:50:00+05:30,947.4500122070312,947.4500122070312,946.3499755859375,946.3499755859375,54
2021-06-18 12:51:00+05:30,947.4500122070312,947.4500122070312,947.3499755859375,947.3499755859375,9
2021-06-18 12:52:00+05:30,947.4000244140625,948.0,946.9000244140625,947.9500122070312,315
2021-06-18 12:53:00+05:30,947.9500122070312,947.9500122070312,946.5499877929688,946.5499877929688,37
2021-06-18 12:54:00+05:30,946.5499877929688,946.5499877929688,945.4000244140625,945.4000244140625,74
2021-06-18 12:55:00+05:30,945.4000244140625,946.25,945.4000244140625,946.25,36
2021-06-18 12:56:00+05:30,946.25,946.25,943.9000244140625,943.9000244140625,349
2021-06-18 12:57:00+05:30,943.25,945.4500122070312,943.0,945.4500122070312,125
2021-06-18 12:58:00+05:30,945.4000244140625,947.0,944.8499755859375,947.0,272
2021-06-18 12:59:00+05:30,948.0,948.5,947.0,948.0499877929688,894
2021-06-18 13:00:00+05:30,948.0499877929688,948.6500244140625,948.0499877929688,948.6500244140625,20
2021-06-18 13:01:00+05:30,948.25,948.75,948.0499877929688,948.0499877929688,21
2021-06-18 13:02:00+05:30,949.0,949.0,948.8499755859375,948.8499755859375,30
2021-06-18 13:03:00+05:30,948.0499877929688,948.2000122070312,948.0499877929688,948.0999755859375,152
2021-06-18 13:04:00+05:30,948.0999755859375,951.5999755859375,948.0999755859375,950.9000244140625,785
2021-06-18 13:05:00+05:30,950.8499755859375,952.0,950.8499755859375,951.9500122070312,159
2021-06-18 13:06:00+05:30,951.9500122070312,951.9500122070312,950.0,951.4500122070312,364
2021-06-18 13:07:00+05:30,950.2999877929688,951.5499877929688,950.2999877929688,951.5499877929688,60
2021-06-18 13:08:00+05:30,950.2999877929688,951.9500122070312,950.2999877929688,950.5499877929688,25
2021-06-18 13:09:00+05:30,950.4500122070312,950.4500122070312,950.0,950.0,393
2021-06-18 13:10:00+05:30,951.2999877929688,953.3499755859375,951.2999877929688,952.1500244140625,228
2021-06-18 13:11:00+05:30,953.5999755859375,953.7999877929688,952.5999755859375,952.5999755859375,79
2021-06-18 13:12:00+05:30,952.4000244140625,953.7000122070312,952.4000244140625,953.7000122070312,56
2021-06-18 13:13:00+05:30,953.7000122070312,955.0,952.8499755859375,954.9500122070312,553
2021-06-18 13:14:00+05:30,953.2000122070312,953.6500244140625,951.0499877929688,953.6500244140625,296
2021-06-18 13:15:00+05:30,953.7000122070312,953.7000122070312,952.0499877929688,953.0,22
2021-06-18 13:16:00+05:30,953.0,953.0,952.0499877929688,953.0,23
2021-06-18 13:17:00+05:30,953.0,953.7000122070312,952.4000244140625,953.7000122070312,138
2021-06-18 13:18:00+05:30,952.75,953.6500244140625,952.2999877929688,953.5,38
2021-06-18 13:19:00+05:30,952.4500122070312,953.4500122070312,951.6500244140625,953.0999755859375,251
2021-06-18 13:20:00+05:30,951.9000244140625,953.0999755859375,951.8499755859375,952.9500122070312,217
2021-06-18 13:21:00+05:30,951.7999877929688,952.9500122070312,951.7999877929688,952.9500122070312,24
2021-06-18 13:22:00+05:30,951.75,953.0999755859375,951.75,952.8499755859375,31
2021-06-18 13:23:00+05:30,951.75,954.0,951.75,953.2999877929688,223
2021-06-18 13:24:00+05:30,953.0,953.2999877929688,952.0499877929688,952.75,77
2021-06-18 13:25:00+05:30,951.7999877929688,953.0,951.2000122070312,951.2000122070312,190
2021-06-18 13:26:00+05:30,950.75,951.5,950.0,950.0,196
2021-06-18 13:27:00+05:30,950.0,952.3499755859375,950.0,951.5999755859375,254
2021-06-18 13:28:00+05:30,950.2999877929688,951.4500122070312,949.0,950.1500244140625,1677
2021-06-18 13:29:00+05:30,949.0,950.1500244140625,949.0,949.0,197
2021-06-18 13:30:00+05:30,949.0,951.0499877929688,949.0,950.0,341
2021-06-18 13:31:00+05:30,950.0,951.2999877929688,950.0,950.0,160
2021-06-18 13:32:00+05:30,950.0,950.75,949.0,949.0,281
2021-06-18 13:33:00+05:30,949.0,951.7999877929688,949.0,951.7999877929688,634
2021-06-18 13:34:00+05:30,949.4000244140625,951.3499755859375,949.4000244140625,950.0,212
2021-06-18 13:35:00+05:30,950.0,951.6500244140625,949.0,949.0,501
2021-06-18 13:36:00+05:30,949.0,950.0,949.0,949.0499877929688,254
2021-06-18 13:37:00+05:30,949.0499877929688,952.0,949.0,949.2999877929688,579
2021-06-18 13:38:00+05:30,949.0,950.5499877929688,949.0,950.2000122070312,132
2021-06-18 13:39:00+05:30,949.1500244140625,949.2999877929688,949.0,949.0,407
2021-06-18 13:40:00+05:30,949.0499877929688,951.1500244140625,949.0,951.1500244140625,21
2021-06-18 13:41:00+05:30,951.2999877929688,951.7000122070312,950.6500244140625,950.6500244140625,12
2021-06-18 13:42:00+05:30,950.5999755859375,952.75,950.5999755859375,950.9000244140625,204
2021-06-18 13:43:00+05:30,951.7999877929688,951.8499755859375,951.7999877929688,951.8499755859375,13
2021-06-18 13:44:00+05:30,951.8499755859375,951.8499755859375,951.0499877929688,951.8499755859375,18
2021-06-18 13:45:00+05:30,950.7999877929688,950.7999877929688,950.5499877929688,950.6500244140625,13
2021-06-18 13:46:00+05:30,951.7999877929688,952.5999755859375,951.7999877929688,952.5999755859375,37
2021-06-18 13:47:00+05:30,952.5999755859375,954.0,952.5999755859375,954.0,164
2021-06-18 13:48:00+05:30,954.0,954.0,952.5,952.5,54
2021-06-18 13:49:00+05:30,954.0,954.0,954.0,954.0,9
2021-06-18 13:50:00+05:30,952.2999877929688,954.0,952.2999877929688,954.0,78
2021-06-18 13:51:00+05:30,952.0499877929688,953.4500122070312,951.8499755859375,951.8499755859375,241
2021-06-18 13:52:00+05:30,953.0999755859375,953.9500122070312,953.0,953.9500122070312,295
2021-06-18 13:53:00+05:30,953.2000122070312,954.0,953.2000122070312,954.0,20
2021-06-18 13:54:00+05:30,953.0,953.0,952.2000122070312,952.2000122070312,983
2021-06-18 13:55:00+05:30,952.1500244140625,953.2000122070312,952.1500244140625,952.5,134
2021-06-18 13:56:00+05:30,953.5,953.5,952.0499877929688,953.2000122070312,46
2021-06-18 13:57:00+05:30,952.6500244140625,953.7999877929688,952.4000244140625,953.0499877929688,69
2021-06-18 13:58:00+05:30,953.0,954.2000122070312,952.0,953.3499755859375,365
2021-06-18 13:59:00+05:30,953.2999877929688,953.2999877929688,952.0,952.0999755859375,519
2021-06-18 14:00:00+05:30,952.0999755859375,952.0999755859375,952.0,952.0,27
2021-06-18 14:01:00+05:30,952.0999755859375,952.0999755859375,951.0499877929688,951.0499877929688,108
2021-06-18 14:02:00+05:30,951.0499877929688,952.0999755859375,951.0499877929688,951.0499877929688,259
2021-06-18 14:03:00+05:30,952.3499755859375,952.4000244140625,951.0499877929688,951.0499877929688,142
2021-06-18 14:04:00+05:30,952.2999877929688,953.2000122070312,952.2999877929688,953.2000122070312,226
2021-06-18 14:05:00+05:30,954.2999877929688,954.2999877929688,953.2000122070312,953.2000122070312,445
2021-06-18 14:07:00+05:30,954.6500244140625,955.0499877929688,953.25,953.5499877929688,514
2021-06-18 14:08:00+05:30,953.2000122070312,954.4500122070312,952.75,952.75,413
2021-06-18 14:09:00+05:30,952.1500244140625,952.1500244140625,951.0,951.0,68
2021-06-18 14:10:00+05:30,951.0,951.0,950.5499877929688,951.0,89
2021-06-18 14:11:00+05:30,951.4500122070312,953.2000122070312,951.4500122070312,953.2000122070312,117
2021-06-18 14:12:00+05:30,954.0,955.0,954.0,955.0,132
2021-06-18 14:13:00+05:30,955.2000122070312,955.2000122070312,952.1500244140625,952.1500244140625,414
2021-06-18 14:14:00+05:30,953.5999755859375,954.5,952.25,954.5,138
2021-06-18 14:15:00+05:30,954.5,954.8499755859375,953.7000122070312,953.7000122070312,55
2021-06-18 14:16:00+05:30,954.9000244140625,957.5,954.9000244140625,956.7000122070312,869
2021-06-18 14:17:00+05:30,957.4000244140625,960.0,957.0,958.7999877929688,945
2021-06-18 14:18:00+05:30,958.0999755859375,960.5,958.0999755859375,960.0,456
2021-06-18 14:19:00+05:30,959.5,960.5,959.3499755859375,959.5499877929688,27
2021-06-18 14:20:00+05:30,959.5499877929688,959.5499877929688,959.5499877929688,959.5499877929688,15
2021-06-18 14:21:00+05:30,959.2999877929688,959.2999877929688,958.2999877929688,959.25,376
2021-06-18 14:22:00+05:30,959.0499877929688,960.5,959.0499877929688,960.2999877929688,826
2021-06-18 14:23:00+05:30,960.0,963.0,960.0,962.1500244140625,725
2021-06-18 14:24:00+05:30,962.9500122070312,964.1500244140625,962.1500244140625,964.1500244140625,533
2021-06-18 14:25:00+05:30,964.2999877929688,964.9000244140625,963.9500122070312,964.1500244140625,353
2021-06-18 14:26:00+05:30,964.8499755859375,964.9000244140625,963.0,963.2999877929688,461
2021-06-18 14:27:00+05:30,963.7999877929688,963.7999877929688,963.2999877929688,963.2999877929688,192
2021-06-18 14:28:00+05:30,961.25,965.9500122070312,961.25,965.9500122070312,1748
2021-06-18 14:29:00+05:30,964.3499755859375,967.9500122070312,964.3499755859375,967.9500122070312,653
2021-06-18 14:30:00+05:30,967.9000244140625,968.0499877929688,964.3499755859375,964.3499755859375,701
2021-06-18 14:31:00+05:30,966.0499877929688,968.0499877929688,966.0,968.0,1567
2021-06-18 14:32:00+05:30,968.0499877929688,969.0,968.0499877929688,969.0,579
2021-06-18 14:33:00+05:30,968.9000244140625,971.6500244140625,968.9000244140625,971.6500244140625,1583
2021-06-18 14:34:00+05:30,972.3499755859375,972.3499755859375,971.2000122070312,971.6500244140625,498
2021-06-18 14:35:00+05:30,971.0,971.0,970.0999755859375,971.0,82
2021-06-18 14:36:00+05:30,970.0499877929688,971.0,969.0499877929688,969.0499877929688,179
2021-06-18 14:37:00+05:30,968.0499877929688,968.0499877929688,965.3499755859375,965.3499755859375,1619
2021-06-18 14:38:00+05:30,966.9000244140625,967.2000122070312,966.5,966.5,118
2021-06-18 14:39:00+05:30,966.5,967.5,966.5,967.2999877929688,124
2021-06-18 14:40:00+05:30,965.8499755859375,967.3499755859375,965.7999877929688,967.3499755859375,104
2021-06-18 14:41:00+05:30,965.8499755859375,967.25,965.8499755859375,967.25,23
2021-06-18 14:42:00+05:30,965.8499755859375,967.25,965.8499755859375,967.25,128
2021-06-18 14:43:00+05:30,965.9500122070312,967.1500244140625,965.7999877929688,966.5,125
2021-06-18 14:44:00+05:30,963.9500122070312,965.25,963.9500122070312,965.25,429
2021-06-18 14:45:00+05:30,963.25,966.3499755859375,963.25,965.1500244140625,391
2021-06-18 14:46:00+05:30,966.5999755859375,966.8499755859375,965.3499755859375,965.7000122070312,139
2021-06-18 14:47:00+05:30,965.7000122070312,965.7000122070312,965.2999877929688,965.2999877929688,54
2021-06-18 14:48:00+05:30,964.9500122070312,964.9500122070312,963.0999755859375,964.0,442
2021-06-18 14:49:00+05:30,964.0,964.0,964.0,964.0,144
2021-06-18 14:50:00+05:30,964.0,965.1500244140625,964.0,965.1500244140625,247
2021-06-18 14:51:00+05:30,966.4000244140625,966.7999877929688,966.4000244140625,966.7999877929688,124
2021-06-18 14:52:00+05:30,966.6500244140625,966.6500244140625,964.25,966.2999877929688,271
2021-06-18 14:53:00+05:30,964.9000244140625,966.6500244140625,964.9000244140625,966.0,71
2021-06-18 14:54:00+05:30,966.6500244140625,966.7000122070312,965.5499877929688,966.5499877929688,95
2021-06-18 14:55:00+05:30,966.7999877929688,968.3499755859375,966.7999877929688,967.0499877929688,680
2021-06-18 14:56:00+05:30,967.0499877929688,970.5,966.25,970.5,1279
2021-06-18 14:57:00+05:30,970.0,970.0,968.2000122070312,970.0,341
2021-06-18 14:58:00+05:30,969.0,969.9000244140625,968.3499755859375,968.3499755859375,129
2021-06-18 14:59:00+05:30,968.4500122070312,970.0999755859375,968.3499755859375,970.0,378
2021-06-18 15:00:00+05:30,968.9500122070312,968.9500122070312,967.0,967.0,473
2021-06-18 15:01:00+05:30,967.0,967.0,965.1500244140625,965.1500244140625,272
2021-06-18 15:02:00+05:30,966.5499877929688,966.5499877929688,965.0,965.9000244140625,531
2021-06-18 15:03:00+05:30,965.0,966.7000122070312,965.0,965.0,159
2021-06-18 15:04:00+05:30,965.0499877929688,965.0499877929688,965.0,965.0,236
2021-06-18 15:05:00+05:30,964.8499755859375,965.5999755859375,963.0499877929688,965.5999755859375,1931
2021-06-18 15:06:00+05:30,966.7000122070312,970.0,966.7000122070312,968.7999877929688,1006
2021-06-18 15:07:00+05:30,970.0,970.0,968.0,968.0499877929688,140
2021-06-18 15:08:00+05:30,968.0499877929688,968.0499877929688,967.25,968.0499877929688,336
2021-06-18 15:09:00+05:30,967.2999877929688,968.0499877929688,967.2999877929688,968.0499877929688,98
2021-06-18 15:10:00+05:30,968.1500244140625,969.7000122070312,967.7999877929688,969.7000122070312,617
2021-06-18 15:11:00+05:30,969.7000122070312,969.7000122070312,967.8499755859375,967.8499755859375,147
2021-06-18 15:12:00+05:30,968.2000122070312,968.6500244140625,968.2000122070312,968.5,957
2021-06-18 15:13:00+05:30,968.5,968.5,968.5,968.5,7
2021-06-18 15:14:00+05:30,968.5,968.9000244140625,968.5,968.9000244140625,502
2021-06-18 15:15:00+05:30,968.9000244140625,969.4000244140625,968.9000244140625,969.4000244140625,266
2021-06-18 15:16:00+05:30,968.7000122070312,969.4000244140625,968.6500244140625,969.4000244140625,572
2021-06-18 15:17:00+05:30,969.3499755859375,969.9500122070312,968.8499755859375,969.75,226
2021-06-18 15:18:00+05:30,970.0499877929688,970.0499877929688,968.7999877929688,968.7999877929688,863
2021-06-18 15:19:00+05:30,969.9000244140625,971.0,969.8499755859375,971.0,272
2021-06-18 15:20:00+05:30,970.1500244140625,971.0,970.1500244140625,970.2999877929688,584
2021-06-18 15:21:00+05:30,970.2999877929688,972.0,965.25,965.9000244140625,2754
2021-06-18 15:22:00+05:30,966.0,968.1500244140625,966.0,968.1500244140625,183
2021-06-18 15:23:00+05:30,968.7999877929688,968.7999877929688,966.5,966.5999755859375,89
2021-06-18 15:24:00+05:30,968.0,968.0,966.5,967.0499877929688,53
2021-06-18 15:25:00+05:30,967.0,969.0,967.0,969.0,531
2021-06-18 15:26:00+05:30,970.0,970.75,970.0,970.75,509
2021-06-18 15:27:00+05:30,970.0999755859375,971.0,970.0999755859375,970.7999877929688,627
2021-06-18 15:28:00+05:30,971.0,972.0,970.7999877929688,971.0,1771
2021-06-18 15:29:00+05:30,971.0,972.0,968.0,968.0,743
