Datetime,open,high,low,close,volume
2021-06-14 09:15:00+05:30,5285.0,5285.0,5285.0,5285.0,0
2021-06-14 09:16:00+05:30,5285.0498046875,5285.0498046875,5257.0,5265.35009765625,33
2021-06-14 09:17:00+05:30,5283.0498046875,5283.0498046875,5264.5498046875,5268.0,12
2021-06-14 09:18:00+05:30,5264.14990234375,5280.0,5264.14990234375,5268.2001953125,26
2021-06-14 09:19:00+05:30,5268.60009765625,5268.60009765625,5244.5,5244.5,93
2021-06-14 09:21:00+05:30,5253.39990234375,5253.39990234375,5253.39990234375,5253.39990234375,5
2021-06-14 09:22:00+05:30,5241.0,5241.0,5241.0,5241.0,0
2021-06-14 09:23:00+05:30,5240.0,5240.0,5240.0,5240.0,2
2021-06-14 09:24:00+05:30,5240.0,5245.75,5240.0,5245.75,10
2021-06-14 09:26:00+05:30,5253.9501953125,5253.9501953125,5250.0,5251.0,6
2021-06-14 09:27:00+05:30,5240.0,5240.0,5236.75,5236.75,28
2021-06-14 09:29:00+05:30,5240.0,5240.0,5240.0,5240.0,15
2021-06-14 09:32:00+05:30,5229.7998046875,5229.7998046875,5229.7998046875,5229.7998046875,10
2021-06-14 09:33:00+05:30,5227.5498046875,5227.5498046875,5186.5498046875,5202.0498046875,154
2021-06-14 09:34:00+05:30,5205.7998046875,5205.7998046875,5202.10009765625,5202.10009765625,5
2021-06-14 09:35:00+05:30,5205.0,5208.85009765625,5205.0,5208.85009765625,24
2021-06-14 09:36:00+05:30,5208.85009765625,5208.85009765625,5208.85009765625,5208.85009765625,12
2021-06-14 09:38:00+05:30,5208.85009765625,5216.2001953125,5208.85009765625,5216.2001953125,4
2021-06-14 09:41:00+05:30,5216.0,5216.0,5202.35009765625,5202.35009765625,6
2021-06-14 09:42:00+05:30,5201.75,5202.5,5201.75,5202.5,2
2021-06-14 09:43:00+05:30,5210.10009765625,5210.25,5200.60009765625,5210.25,11
2021-06-14 09:44:00+05:30,5210.14990234375,5210.14990234375,5209.89990234375,5209.89990234375,5
2021-06-14 09:45:00+05:30,5210.5,5220.0498046875,5210.5,5220.0498046875,74
2021-06-14 09:46:00+05:30,5225.0,5225.0,5225.0,5225.0,14
2021-06-14 09:49:00+05:30,5226.0498046875,5235.0,5226.0498046875,5235.0,1
2021-06-14 09:50:00+05:30,5235.0498046875,5235.0498046875,5235.0498046875,5235.0498046875,1
2021-06-14 09:51:00+05:30,5247.89990234375,5247.89990234375,5240.4501953125,5240.4501953125,33
2021-06-14 09:53:00+05:30,5245.0498046875,5245.0498046875,5245.0498046875,5245.0498046875,2
2021-06-14 09:54:00+05:30,5236.7998046875,5236.7998046875,5236.7998046875,5236.7998046875,2
2021-06-14 09:55:00+05:30,5245.0498046875,5245.0498046875,5245.0498046875,5245.0498046875,2
2021-06-14 09:57:00+05:30,5235.14990234375,5235.14990234375,5235.14990234375,5235.14990234375,2
2021-06-14 09:58:00+05:30,5244.60009765625,5244.60009765625,5244.60009765625,5244.60009765625,30
2021-06-14 10:00:00+05:30,5236.25,5236.25,5236.25,5236.25,2
2021-06-14 10:01:00+05:30,5244.14990234375,5245.14990234375,5242.0498046875,5242.0498046875,19
2021-06-14 10:02:00+05:30,5240.5498046875,5245.14990234375,5240.5498046875,5245.14990234375,7
2021-06-14 10:04:00+05:30,5245.14990234375,5245.14990234375,5245.14990234375,5245.14990234375,0
2021-06-14 10:05:00+05:30,5245.14990234375,5245.14990234375,5237.75,5243.89990234375,11
2021-06-14 10:06:00+05:30,5229.85009765625,5235.85009765625,5221.0,5226.7998046875,84
2021-06-14 10:07:00+05:30,5221.0,5239.39990234375,5221.0,5239.39990234375,32
2021-06-14 10:08:00+05:30,5234.2001953125,5234.2001953125,5221.7001953125,5221.7001953125,152
2021-06-14 10:12:00+05:30,5204.10009765625,5206.25,5204.10009765625,5206.25,4
2021-06-14 10:13:00+05:30,5206.4501953125,5206.4501953125,5206.4501953125,5206.4501953125,2
2021-06-14 10:14:00+05:30,5204.14990234375,5206.35009765625,5204.14990234375,5206.35009765625,16
2021-06-14 10:15:00+05:30,5200.7998046875,5204.2998046875,5200.7998046875,5204.2998046875,74
2021-06-14 10:18:00+05:30,5213.89990234375,5213.89990234375,5213.89990234375,5213.89990234375,6
2021-06-14 10:19:00+05:30,5212.60009765625,5212.60009765625,5212.60009765625,5212.60009765625,6
2021-06-14 10:20:00+05:30,5212.60009765625,5212.60009765625,5212.60009765625,5212.60009765625,3
2021-06-14 10:22:00+05:30,5213.0,5214.0,5213.0,5214.0,52
2021-06-14 10:23:00+05:30,5214.0,5214.0,5214.0,5214.0,6
2021-06-14 10:25:00+05:30,5207.0,5207.0,5207.0,5207.0,2
2021-06-14 10:26:00+05:30,5205.0,5210.39990234375,5205.0,5210.39990234375,15
2021-06-14 10:27:00+05:30,5210.39990234375,5210.39990234375,5210.39990234375,5210.39990234375,2
2021-06-14 10:29:00+05:30,5213.35009765625,5213.35009765625,5213.35009765625,5213.35009765625,1
2021-06-14 10:33:00+05:30,5210.0,5210.0,5210.0,5210.0,11
2021-06-14 10:34:00+05:30,5213.4501953125,5223.0498046875,5213.4501953125,5223.0498046875,222
2021-06-14 10:35:00+05:30,5224.0,5224.0,5224.0,5224.0,4
2021-06-14 10:36:00+05:30,5225.0,5229.4501953125,5225.0,5229.4501953125,15
2021-06-14 10:37:00+05:30,5229.4501953125,5229.64990234375,5229.4501953125,5229.64990234375,6
2021-06-14 10:38:00+05:30,5229.7998046875,5233.64990234375,5229.64990234375,5233.64990234375,35
2021-06-14 10:42:00+05:30,5239.89990234375,5241.2001953125,5237.60009765625,5237.60009765625,14
2021-06-14 10:44:00+05:30,5237.64990234375,5237.64990234375,5237.2001953125,5237.2001953125,6
2021-06-14 10:46:00+05:30,5226.85009765625,5226.85009765625,5226.85009765625,5226.85009765625,1
2021-06-14 10:47:00+05:30,5211.4501953125,5211.4501953125,5211.35009765625,5211.35009765625,3
2021-06-14 10:48:00+05:30,5210.0,5210.0,5210.0,5210.0,7
2021-06-14 10:49:00+05:30,5224.0498046875,5239.85009765625,5224.0498046875,5230.9501953125,65
2021-06-14 10:51:00+05:30,5219.64990234375,5219.64990234375,5216.39990234375,5216.39990234375,9
2021-06-14 10:52:00+05:30,5216.39990234375,5216.39990234375,5213.25,5213.25,6
2021-06-14 10:53:00+05:30,5211.35009765625,5211.35009765625,5211.35009765625,5211.35009765625,3
2021-06-14 10:54:00+05:30,5211.35009765625,5211.35009765625,5211.35009765625,5211.35009765625,6
2021-06-14 10:55:00+05:30,5218.25,5218.25,5218.25,5218.25,1
2021-06-14 10:57:00+05:30,5218.39990234375,5218.39990234375,5218.39990234375,5218.39990234375,7
2021-06-14 10:58:00+05:30,5222.39990234375,5222.39990234375,5222.39990234375,5222.39990234375,0
2021-06-14 11:02:00+05:30,5223.10009765625,5223.10009765625,5223.10009765625,5223.10009765625,2
2021-06-14 11:07:00+05:30,5231.75,5232.85009765625,5228.14990234375,5228.14990234375,5
2021-06-14 11:08:00+05:30,5232.0498046875,5232.0498046875,5232.0498046875,5232.0498046875,2
2021-06-14 11:10:00+05:30,5223.35009765625,5229.7001953125,5223.35009765625,5226.5498046875,10
2021-06-14 11:13:00+05:30,5225.0498046875,5225.0498046875,5225.0498046875,5225.0498046875,1
2021-06-14 11:15:00+05:30,5226.5498046875,5226.5498046875,5226.5498046875,5226.5498046875,1
2021-06-14 11:17:00+05:30,5226.5498046875,5226.5498046875,5226.5498046875,5226.5498046875,2
2021-06-14 11:19:00+05:30,5225.0498046875,5225.0498046875,5225.0498046875,5225.0498046875,7
2021-06-14 11:20:00+05:30,5225.0498046875,5225.0498046875,5225.0498046875,5225.0498046875,2
2021-06-14 11:23:00+05:30,5225.0498046875,5225.0498046875,5225.0498046875,5225.0498046875,3
2021-06-14 11:28:00+05:30,5233.7001953125,5233.7001953125,5233.64990234375,5233.64990234375,6
2021-06-14 11:34:00+05:30,5226.0,5226.0,5226.0,5226.0,8
2021-06-14 11:38:00+05:30,5225.14990234375,5228.85009765625,5225.0,5228.85009765625,13
2021-06-14 11:45:00+05:30,5225.0,5225.0,5225.0,5225.0,1
2021-06-14 11:46:00+05:30,5224.0498046875,5224.0498046875,5224.0498046875,5224.0498046875,2
2021-06-14 11:50:00+05:30,5224.0,5228.0498046875,5224.0,5228.0498046875,4
2021-06-14 11:51:00+05:30,5224.2001953125,5225.60009765625,5221.0,5221.0,29
2021-06-14 11:53:00+05:30,5225.0,5225.0,5225.0,5225.0,3
2021-06-14 11:56:00+05:30,5219.0498046875,5223.0,5216.75,5216.75,8
2021-06-14 11:57:00+05:30,5216.75,5216.75,5216.75,5216.75,1
2021-06-14 11:59:00+05:30,5223.35009765625,5223.35009765625,5215.10009765625,5218.7001953125,8
2021-06-14 12:01:00+05:30,5218.7001953125,5218.7001953125,5218.35009765625,5218.35009765625,9
2021-06-14 12:09:00+05:30,5225.0498046875,5262.5498046875,5224.7998046875,5224.7998046875,199
2021-06-14 12:10:00+05:30,5224.7001953125,5228.0,5222.0,5227.64990234375,12
2021-06-14 12:11:00+05:30,5227.64990234375,5227.64990234375,5227.64990234375,5227.64990234375,1
2021-06-14 12:13:00+05:30,5220.5498046875,5220.5498046875,5220.5498046875,5220.5498046875,2
2021-06-14 12:14:00+05:30,5220.5498046875,5220.5498046875,5220.5498046875,5220.5498046875,1
2021-06-14 12:15:00+05:30,5218.35009765625,5218.35009765625,5218.35009765625,5218.35009765625,4
2021-06-14 12:16:00+05:30,5219.0498046875,5219.0498046875,5219.0498046875,5219.0498046875,3
2021-06-14 12:17:00+05:30,5223.0,5223.0,5223.0,5223.0,0
2021-06-14 12:18:00+05:30,5219.0498046875,5222.89990234375,5219.0498046875,5222.89990234375,7
2021-06-14 12:19:00+05:30,5221.4501953125,5222.14990234375,5220.39990234375,5222.14990234375,27
2021-06-14 12:22:00+05:30,5222.14990234375,5222.14990234375,5222.14990234375,5222.14990234375,1
2021-06-14 12:30:00+05:30,5221.5498046875,5221.5498046875,5221.5498046875,5221.5498046875,3
2021-06-14 12:31:00+05:30,5218.35009765625,5218.35009765625,5218.35009765625,5218.35009765625,61
2021-06-14 12:33:00+05:30,5219.2001953125,5219.2001953125,5218.35009765625,5218.35009765625,0
2021-06-14 12:34:00+05:30,5217.7998046875,5217.7998046875,5217.7998046875,5217.7998046875,17
2021-06-14 12:35:00+05:30,5211.2001953125,5211.2001953125,5211.2001953125,5211.2001953125,2
2021-06-14 12:38:00+05:30,5211.2001953125,5211.2001953125,5210.0,5210.0,33
2021-06-14 12:39:00+05:30,5210.89990234375,5217.7001953125,5210.89990234375,5212.9501953125,106
2021-06-14 12:40:00+05:30,5211.0,5211.0,5211.0,5211.0,10
2021-06-14 12:43:00+05:30,5217.25,5217.25,5217.25,5217.25,0
2021-06-14 12:44:00+05:30,5220.0498046875,5224.5,5220.0498046875,5224.5,20
2021-06-14 12:47:00+05:30,5220.0,5220.0,5220.0,5220.0,1
2021-06-14 12:50:00+05:30,5220.0,5220.0,5220.0,5220.0,3
2021-06-14 12:51:00+05:30,5220.0,5220.0,5220.0,5220.0,24
2021-06-14 12:52:00+05:30,5220.0,5220.0,5220.0,5220.0,2
2021-06-14 12:53:00+05:30,5220.0,5220.0,5213.0,5213.0,3
2021-06-14 12:54:00+05:30,5210.0,5210.0,5210.0,5210.0,5
2021-06-14 12:57:00+05:30,5214.10009765625,5214.10009765625,5214.10009765625,5214.10009765625,0
2021-06-14 12:59:00+05:30,5214.5,5214.5,5214.5,5214.5,3
2021-06-14 13:05:00+05:30,5215.0,5215.0,5215.0,5215.0,6
2021-06-14 13:06:00+05:30,5215.0,5215.0,5215.0,5215.0,0
2021-06-14 13:08:00+05:30,5225.0,5225.39990234375,5225.0,5225.39990234375,22
2021-06-14 13:11:00+05:30,5225.39990234375,5225.39990234375,5225.0,5225.0,5
2021-06-14 13:14:00+05:30,5228.64990234375,5228.7001953125,5228.64990234375,5228.7001953125,1
2021-06-14 13:15:00+05:30,5228.7001953125,5230.10009765625,5228.7001953125,5230.10009765625,86
2021-06-14 13:16:00+05:30,5227.25,5227.25,5226.39990234375,5226.39990234375,2
2021-06-14 13:17:00+05:30,5226.7998046875,5226.7998046875,5226.7998046875,5226.7998046875,2
2021-06-14 13:18:00+05:30,5226.7998046875,5226.7998046875,5226.7998046875,5226.7998046875,2
2021-06-14 13:19:00+05:30,5226.89990234375,5226.89990234375,5222.14990234375,5226.85009765625,4
2021-06-14 13:20:00+05:30,5226.89990234375,5227.2998046875,5215.0498046875,5221.25,13
2021-06-14 13:21:00+05:30,5221.2998046875,5221.2998046875,5221.2998046875,5221.2998046875,2
2021-06-14 13:22:00+05:30,5221.64990234375,5221.64990234375,5221.64990234375,5221.64990234375,0
2021-06-14 13:23:00+05:30,5221.64990234375,5225.0,5221.64990234375,5225.0,4
2021-06-14 13:24:00+05:30,5228.5498046875,5228.5498046875,5228.5498046875,5228.5498046875,2
2021-06-14 13:25:00+05:30,5228.39990234375,5228.9501953125,5228.39990234375,5228.9501953125,2
2021-06-14 13:26:00+05:30,5228.9501953125,5228.9501953125,5228.9501953125,5228.9501953125,2
2021-06-14 13:27:00+05:30,5229.5498046875,5230.7998046875,5229.5498046875,5230.7998046875,2
2021-06-14 13:28:00+05:30,5230.7998046875,5231.2001953125,5230.7998046875,5231.2001953125,2
2021-06-14 13:29:00+05:30,5230.60009765625,5231.25,5230.60009765625,5231.25,2
2021-06-14 13:30:00+05:30,5231.25,5231.25,5231.25,5231.25,1
2021-06-14 13:32:00+05:30,5232.60009765625,5232.60009765625,5227.9501953125,5227.9501953125,4
2021-06-14 13:33:00+05:30,5228.35009765625,5233.2998046875,5228.35009765625,5233.2998046875,4
2021-06-14 13:34:00+05:30,5237.0,5237.0,5221.9501953125,5221.9501953125,68
2021-06-14 13:35:00+05:30,5228.2998046875,5228.2998046875,5218.89990234375,5225.75,2
2021-06-14 13:36:00+05:30,5224.60009765625,5224.60009765625,5220.7001953125,5220.7001953125,2
2021-06-14 13:37:00+05:30,5215.75,5221.10009765625,5215.2001953125,5221.10009765625,4
2021-06-14 13:38:00+05:30,5221.10009765625,5221.10009765625,5221.10009765625,5221.10009765625,2
2021-06-14 13:39:00+05:30,5221.5,5221.5,5221.5,5221.5,1
2021-06-14 13:40:00+05:30,5221.89990234375,5221.89990234375,5221.89990234375,5221.89990234375,2
2021-06-14 13:41:00+05:30,5226.14990234375,5229.39990234375,5226.14990234375,5229.39990234375,3
2021-06-14 13:42:00+05:30,5223.7001953125,5226.7001953125,5222.0498046875,5226.7001953125,4
2021-06-14 13:43:00+05:30,5227.85009765625,5227.85009765625,5217.60009765625,5217.60009765625,3
2021-06-14 13:44:00+05:30,5217.60009765625,5217.60009765625,5217.60009765625,5217.60009765625,2
2021-06-14 13:45:00+05:30,5220.0,5220.0,5220.0,5220.0,2
2021-06-14 13:46:00+05:30,5220.0,5220.0,5220.0,5220.0,2
2021-06-14 13:47:00+05:30,5220.0,5220.0,5217.60009765625,5217.60009765625,2
2021-06-14 13:48:00+05:30,5220.0,5220.0,5215.14990234375,5215.14990234375,3
2021-06-14 13:49:00+05:30,5217.5498046875,5217.5498046875,5217.5498046875,5217.5498046875,2
2021-06-14 13:50:00+05:30,5217.5498046875,5220.0,5217.5498046875,5220.0,2
2021-06-14 13:51:00+05:30,5220.0,5220.0,5220.0,5220.0,2
2021-06-14 13:52:00+05:30,5220.0,5230.7001953125,5220.0,5225.9501953125,68
2021-06-14 13:53:00+05:30,5222.75,5226.75,5222.75,5226.75,24
2021-06-14 13:54:00+05:30,5229.60009765625,5229.60009765625,5226.60009765625,5226.60009765625,2
2021-06-14 13:55:00+05:30,5226.0,5229.0498046875,5226.0,5229.0498046875,2
2021-06-14 13:56:00+05:30,5221.25,5224.0498046875,5220.0498046875,5224.0498046875,13
2021-06-14 13:57:00+05:30,5224.2001953125,5225.7001953125,5224.2001953125,5225.7001953125,7
2021-06-14 13:58:00+05:30,5225.75,5228.0,5225.75,5228.0,3
2021-06-14 13:59:00+05:30,5228.0,5237.64990234375,5228.0,5234.10009765625,86
2021-06-14 14:00:00+05:30,5230.75,5233.35009765625,5228.85009765625,5228.85009765625,8
2021-06-14 14:01:00+05:30,5228.85009765625,5228.85009765625,5224.89990234375,5224.89990234375,2
2021-06-14 14:02:00+05:30,5215.60009765625,5230.25,5215.60009765625,5230.25,14
2021-06-14 14:03:00+05:30,5229.0498046875,5230.39990234375,5229.0498046875,5230.39990234375,3
2021-06-14 14:04:00+05:30,5230.39990234375,5230.39990234375,5230.39990234375,5230.39990234375,1
2021-06-14 14:05:00+05:30,5228.7998046875,5228.7998046875,5226.2001953125,5226.2001953125,2
2021-06-14 14:06:00+05:30,5226.2001953125,5226.60009765625,5226.2001953125,5226.60009765625,2
2021-06-14 14:07:00+05:30,5229.4501953125,5229.4501953125,5229.4501953125,5229.4501953125,4
2021-06-14 14:08:00+05:30,5229.4501953125,5229.4501953125,5227.2998046875,5227.2998046875,1
2021-06-14 14:09:00+05:30,5233.0498046875,5233.0498046875,5229.14990234375,5229.14990234375,2
2021-06-14 14:10:00+05:30,5232.60009765625,5232.60009765625,5228.7998046875,5228.7998046875,2
2021-06-14 14:11:00+05:30,5232.7998046875,5232.7998046875,5229.7998046875,5229.7998046875,3
2021-06-14 14:12:00+05:30,5230.0,5230.0,5223.7001953125,5223.7001953125,3
2021-06-14 14:13:00+05:30,5231.64990234375,5231.64990234375,5223.25,5230.39990234375,5
2021-06-14 14:14:00+05:30,5225.0,5225.0,5222.35009765625,5222.35009765625,2
2021-06-14 14:15:00+05:30,5225.0,5225.0,5219.5498046875,5224.9501953125,3
2021-06-14 14:16:00+05:30,5222.2998046875,5224.9501953125,5219.5498046875,5224.9501953125,4
2021-06-14 14:17:00+05:30,5225.0,5225.0,5225.0,5225.0,2
2021-06-14 14:18:00+05:30,5225.0,5229.64990234375,5222.14990234375,5225.7998046875,109
2021-06-14 14:19:00+05:30,5219.39990234375,5219.39990234375,5215.0498046875,5215.0498046875,11
2021-06-14 14:20:00+05:30,5219.5,5219.5,5219.39990234375,5219.39990234375,1
2021-06-14 14:21:00+05:30,5217.25,5217.4501953125,5212.7998046875,5212.7998046875,14
2021-06-14 14:22:00+05:30,5211.85009765625,5211.85009765625,5202.5,5205.0,49
2021-06-14 14:23:00+05:30,5205.0,5205.0,5205.0,5205.0,1
2021-06-14 14:24:00+05:30,5205.39990234375,5214.9501953125,5203.75,5214.9501953125,29
2021-06-14 14:25:00+05:30,5215.0,5215.0,5215.0,5215.0,20
2021-06-14 14:26:00+05:30,5215.35009765625,5219.9501953125,5215.25,5219.9501953125,14
2021-06-14 14:27:00+05:30,5219.9501953125,5219.9501953125,5216.0,5216.0,9
2021-06-14 14:28:00+05:30,5216.0,5217.0,5215.0,5217.0,81
2021-06-14 14:29:00+05:30,5213.0,5215.64990234375,5213.0,5215.64990234375,0
2021-06-14 14:30:00+05:30,5215.64990234375,5215.64990234375,5215.64990234375,5215.64990234375,1
2021-06-14 14:31:00+05:30,5211.5,5211.5,5211.5,5211.5,18
2021-06-14 14:32:00+05:30,5211.5,5211.5,5202.5,5206.4501953125,51
2021-06-14 14:33:00+05:30,5206.39990234375,5206.85009765625,5202.2998046875,5206.85009765625,34
2021-06-14 14:34:00+05:30,5206.85009765625,5207.7001953125,5205.10009765625,5205.75,8
2021-06-14 14:35:00+05:30,5202.60009765625,5205.9501953125,5202.60009765625,5205.9501953125,3
2021-06-14 14:36:00+05:30,5209.25,5209.25,5204.75,5204.75,5
2021-06-14 14:37:00+05:30,5205.60009765625,5206.14990234375,5204.0,5204.0,6
2021-06-14 14:38:00+05:30,5208.85009765625,5208.85009765625,5202.9501953125,5202.9501953125,10
2021-06-14 14:39:00+05:30,5202.60009765625,5205.10009765625,5202.2998046875,5205.10009765625,19
2021-06-14 14:40:00+05:30,5202.0,5205.0,5202.0,5205.0,7
2021-06-14 14:41:00+05:30,5205.0,5205.0,5202.0,5205.0,13
2021-06-14 14:42:00+05:30,5202.0,5205.10009765625,5202.0,5205.10009765625,8
2021-06-14 14:43:00+05:30,5203.5498046875,5205.10009765625,5201.0498046875,5201.0498046875,20
2021-06-14 14:44:00+05:30,5202.0,5202.0,5200.0,5200.0,48
2021-06-14 14:45:00+05:30,5199.10009765625,5199.10009765625,5187.0,5187.0,6
2021-06-14 14:46:00+05:30,5185.0,5185.0,5180.0,5184.35009765625,34
2021-06-14 14:47:00+05:30,5190.89990234375,5190.89990234375,5187.10009765625,5187.5,5
2021-06-14 14:48:00+05:30,5194.39990234375,5196.5,5191.14990234375,5191.14990234375,7
2021-06-14 14:49:00+05:30,5193.9501953125,5194.0,5193.9501953125,5194.0,2
2021-06-14 14:50:00+05:30,5194.0,5194.0,5192.0,5192.0,22
2021-06-14 14:51:00+05:30,5187.2001953125,5191.9501953125,5187.2001953125,5191.9501953125,3
2021-06-14 14:52:00+05:30,5192.0,5192.0,5192.0,5192.0,8
2021-06-14 14:53:00+05:30,5189.9501953125,5192.0,5189.9501953125,5192.0,2
2021-06-14 14:54:00+05:30,5190.0,5190.0,5189.5,5189.5,8
2021-06-14 14:55:00+05:30,5187.89990234375,5191.5,5187.2001953125,5191.5,4
2021-06-14 14:56:00+05:30,5191.89990234375,5192.0,5191.89990234375,5192.0,12
2021-06-14 14:57:00+05:30,5192.0,5192.0,5192.0,5192.0,21
2021-06-14 14:58:00+05:30,5200.0,5216.64990234375,5200.0,5216.64990234375,50
2021-06-14 14:59:00+05:30,5220.0,5220.0,5206.7001953125,5207.0498046875,202
2021-06-14 15:00:00+05:30,5211.5,5214.7001953125,5205.25,5205.25,8
2021-06-14 15:01:00+05:30,5208.5498046875,5208.89990234375,5201.2001953125,5201.2001953125,4
2021-06-14 15:02:00+05:30,5208.4501953125,5208.5,5208.4501953125,5208.5,2
2021-06-14 15:03:00+05:30,5208.5,5208.5,5208.39990234375,5208.39990234375,2
2021-06-14 15:04:00+05:30,5208.5,5208.5,5200.60009765625,5207.0498046875,5
2021-06-14 15:05:00+05:30,5200.60009765625,5201.89990234375,5200.60009765625,5201.89990234375,4
2021-06-14 15:06:00+05:30,5195.0498046875,5201.89990234375,5194.35009765625,5197.89990234375,8
2021-06-14 15:07:00+05:30,5190.0,5196.2001953125,5190.0,5190.0,6
2021-06-14 15:08:00+05:30,5196.14990234375,5196.14990234375,5187.10009765625,5187.10009765625,28
2021-06-14 15:09:00+05:30,5190.0,5190.0,5186.0,5186.0,9
2021-06-14 15:10:00+05:30,5190.0,5190.0,5186.0,5188.0,6
2021-06-14 15:11:00+05:30,5186.0,5189.9501953125,5185.2998046875,5189.9501953125,69
2021-06-14 15:12:00+05:30,5190.0,5218.9501953125,5190.0,5218.9501953125,120
2021-06-14 15:13:00+05:30,5219.2998046875,5225.0,5219.2998046875,5224.9501953125,114
2021-06-14 15:14:00+05:30,5224.9501953125,5245.0,5221.0498046875,5245.0,251
2021-06-14 15:15:00+05:30,5245.0,5259.75,5239.14990234375,5259.75,119
2021-06-14 15:16:00+05:30,5253.5498046875,5270.0,5253.5498046875,5270.0,149
2021-06-14 15:17:00+05:30,5270.39990234375,5279.9501953125,5260.25,5261.2998046875,282
2021-06-14 15:18:00+05:30,5260.25,5274.7998046875,5256.14990234375,5260.0,317
2021-06-14 15:19:00+05:30,5260.0,5265.39990234375,5255.0,5262.85009765625,155
2021-06-14 15:20:00+05:30,5252.25,5268.9501953125,5250.35009765625,5250.35009765625,230
2021-06-14 15:21:00+05:30,5250.35009765625,5256.89990234375,5250.0,5255.0,221
2021-06-14 15:22:00+05:30,5256.25,5258.9501953125,5250.2998046875,5258.5498046875,163
2021-06-14 15:23:00+05:30,5258.39990234375,5259.0,5250.75,5258.39990234375,206
2021-06-14 15:24:00+05:30,5259.0,5268.0,5254.85009765625,5255.0498046875,234
2021-06-14 15:25:00+05:30,5264.75,5268.0,5251.35009765625,5260.39990234375,241
2021-06-14 15:26:00+05:30,5268.9501953125,5283.89990234375,5260.0,5270.25,266
2021-06-14 15:27:00+05:30,5283.89990234375,5285.0,5260.0498046875,5282.85009765625,239
2021-06-14 15:28:00+05:30,5279.9501953125,5279.9501953125,5262.0,5273.9501953125,108
2021-06-14 15:29:00+05:30,5241.0498046875,5242.0,5241.0498046875,5242.0,7
2021-06-15 09:16:00+05:30,5252.5498046875,5252.5498046875,5252.5498046875,5252.5498046875,0
2021-06-15 09:17:00+05:30,5236.85009765625,5241.39990234375,5236.85009765625,5241.39990234375,2
2021-06-15 09:18:00+05:30,5239.10009765625,5239.2998046875,5239.10009765625,5239.2998046875,2
2021-06-15 09:19:00+05:30,5241.75,5241.75,5241.75,5241.75,1
2021-06-15 09:20:00+05:30,5244.2998046875,5244.2998046875,5244.2998046875,5244.2998046875,0
2021-06-15 09:24:00+05:30,5245.39990234375,5245.39990234375,5245.39990234375,5245.39990234375,40
2021-06-15 09:29:00+05:30,5246.25,5252.7001953125,5246.25,5252.7001953125,0
2021-06-15 09:33:00+05:30,5247.4501953125,5262.10009765625,5247.4501953125,5254.85009765625,32
2021-06-15 09:34:00+05:30,5252.5498046875,5252.5498046875,5252.5498046875,5252.5498046875,1
2021-06-15 09:35:00+05:30,5251.2998046875,5251.2998046875,5251.2998046875,5251.2998046875,0
2021-06-15 09:43:00+05:30,5251.5,5251.5,5251.5,5251.5,2
2021-06-15 09:46:00+05:30,5257.0498046875,5257.10009765625,5257.0498046875,5257.10009765625,2
2021-06-15 09:47:00+05:30,5251.5498046875,5251.5498046875,5251.5498046875,5251.5498046875,1
2021-06-15 09:52:00+05:30,5257.2001953125,5257.2001953125,5257.2001953125,5257.2001953125,2
2021-06-15 09:57:00+05:30,5259.7001953125,5259.7001953125,5259.7001953125,5259.7001953125,2
2021-06-15 09:59:00+05:30,5251.5498046875,5251.5498046875,5251.5,5251.5,4
2021-06-15 10:00:00+05:30,5251.0,5251.0,5251.0,5251.0,1
2021-06-15 10:05:00+05:30,5236.0,5236.0,5236.0,5236.0,35
2021-06-15 10:06:00+05:30,5217.7001953125,5217.7001953125,5202.2998046875,5209.7998046875,41
2021-06-15 10:07:00+05:30,5208.39990234375,5208.39990234375,5208.39990234375,5208.39990234375,4
2021-06-15 10:08:00+05:30,5209.0,5209.0,5209.0,5209.0,7
2021-06-15 10:10:00+05:30,5209.0,5209.0,5205.2001953125,5205.2001953125,12
2021-06-15 10:14:00+05:30,5220.0498046875,5220.0498046875,5220.0498046875,5220.0498046875,1
2021-06-15 10:15:00+05:30,5220.0498046875,5220.0498046875,5212.0498046875,5212.0498046875,9
2021-06-15 10:16:00+05:30,5212.0498046875,5212.0498046875,5212.0498046875,5212.0498046875,3
2021-06-15 10:17:00+05:30,5225.14990234375,5225.14990234375,5225.14990234375,5225.14990234375,12
2021-06-15 10:18:00+05:30,5225.0,5225.0,5215.0498046875,5215.0498046875,14
2021-06-15 10:21:00+05:30,5220.0,5230.0498046875,5220.0,5230.0498046875,24
2021-06-15 10:23:00+05:30,5231.7001953125,5231.7001953125,5231.7001953125,5231.7001953125,4
2021-06-15 10:25:00+05:30,5241.2998046875,5241.2998046875,5241.2998046875,5241.2998046875,18
2021-06-15 10:26:00+05:30,5233.7001953125,5233.7001953125,5233.7001953125,5233.7001953125,0
2021-06-15 10:27:00+05:30,5233.4501953125,5233.4501953125,5233.4501953125,5233.4501953125,1
2021-06-15 10:32:00+05:30,5250.0,5250.0,5241.5,5250.0,84
2021-06-15 10:33:00+05:30,5250.0498046875,5250.0498046875,5250.0498046875,5250.0498046875,3
2021-06-15 10:34:00+05:30,5250.0,5256.25,5250.0,5256.25,3
2021-06-15 10:35:00+05:30,5250.0,5250.0,5245.64990234375,5245.64990234375,40
2021-06-15 10:36:00+05:30,5236.5498046875,5236.5498046875,5236.0498046875,5236.0498046875,4
2021-06-15 10:41:00+05:30,5244.9501953125,5244.9501953125,5240.0,5240.0,26
2021-06-15 10:42:00+05:30,5233.7001953125,5233.7001953125,5233.7001953125,5233.7001953125,0
2021-06-15 10:43:00+05:30,5244.9501953125,5244.9501953125,5244.9501953125,5244.9501953125,1
2021-06-15 10:45:00+05:30,5235.39990234375,5235.39990234375,5235.39990234375,5235.39990234375,1
2021-06-15 10:46:00+05:30,5230.0,5230.0,5220.0498046875,5220.0498046875,29
2021-06-15 10:47:00+05:30,5217.0498046875,5217.0498046875,5217.0498046875,5217.0498046875,2
2021-06-15 10:50:00+05:30,5221.2998046875,5265.14990234375,5218.5498046875,5223.0,211
2021-06-15 10:51:00+05:30,5220.75,5220.75,5220.75,5220.75,10
2021-06-15 10:52:00+05:30,5220.0498046875,5220.75,5220.0498046875,5220.0498046875,39
2021-06-15 10:53:00+05:30,5220.0,5221.2001953125,5220.0,5221.2001953125,16
2021-06-15 10:54:00+05:30,5221.2001953125,5221.2001953125,5216.75,5216.75,7
2021-06-15 10:55:00+05:30,5216.7001953125,5216.7001953125,5216.7001953125,5216.7001953125,7
2021-06-15 10:56:00+05:30,5215.5,5220.0498046875,5215.5,5220.0498046875,8
2021-06-15 10:57:00+05:30,5215.5,5215.5498046875,5215.5,5215.5498046875,6
2021-06-15 10:58:00+05:30,5218.89990234375,5218.89990234375,5215.5498046875,5215.5498046875,8
2021-06-15 10:59:00+05:30,5216.0,5216.0,5216.0,5216.0,1
2021-06-15 11:00:00+05:30,5216.0,5216.0,5216.0,5216.0,2
2021-06-15 11:02:00+05:30,5225.0498046875,5225.0498046875,5219.7998046875,5220.0,18
2021-06-15 11:03:00+05:30,5227.5498046875,5227.5498046875,5221.4501953125,5223.7998046875,23
2021-06-15 11:04:00+05:30,5220.14990234375,5220.14990234375,5220.14990234375,5220.14990234375,0
2021-06-15 11:06:00+05:30,5220.2001953125,5220.2001953125,5220.2001953125,5220.2001953125,1
2021-06-15 11:07:00+05:30,5227.4501953125,5227.4501953125,5221.5,5221.5,5
2021-06-15 11:08:00+05:30,5219.0,5219.0,5219.0,5219.0,1
2021-06-15 11:14:00+05:30,5220.75,5220.75,5220.75,5220.75,32
2021-06-15 11:15:00+05:30,5219.10009765625,5219.14990234375,5219.10009765625,5219.14990234375,19
2021-06-15 11:18:00+05:30,5227.5498046875,5227.5498046875,5221.5,5221.85009765625,16
2021-06-15 11:19:00+05:30,5221.7998046875,5221.7998046875,5220.5,5220.5,4
2021-06-15 11:20:00+05:30,5223.0,5223.0,5223.0,5223.0,0
2021-06-15 11:23:00+05:30,5220.2998046875,5220.2998046875,5220.2001953125,5220.2998046875,5
2021-06-15 11:32:00+05:30,5220.2998046875,5220.2998046875,5220.2998046875,5220.2998046875,16
2021-06-15 11:33:00+05:30,5229.64990234375,5229.64990234375,5220.7998046875,5220.7998046875,84
2021-06-15 11:34:00+05:30,5220.5,5230.0,5220.5,5221.2998046875,71
2021-06-15 11:35:00+05:30,5220.75,5220.7998046875,5220.75,5220.7998046875,13
2021-06-15 11:36:00+05:30,5220.75,5220.75,5220.75,5220.75,0
2021-06-15 11:37:00+05:30,5221.0498046875,5221.0498046875,5221.0,5221.0,45
2021-06-15 11:38:00+05:30,5220.9501953125,5220.9501953125,5220.9501953125,5220.9501953125,12
2021-06-15 11:42:00+05:30,5220.9501953125,5221.0,5220.9501953125,5220.9501953125,112
2021-06-15 11:43:00+05:30,5220.9501953125,5220.9501953125,5220.9501953125,5220.9501953125,12
2021-06-15 11:44:00+05:30,5220.9501953125,5220.9501953125,5220.9501953125,5220.9501953125,0
2021-06-15 11:45:00+05:30,5220.89990234375,5220.89990234375,5220.89990234375,5220.89990234375,1
2021-06-15 11:46:00+05:30,5220.89990234375,5220.89990234375,5220.89990234375,5220.89990234375,2
2021-06-15 11:49:00+05:30,5225.0,5225.0,5225.0,5225.0,5
2021-06-15 11:50:00+05:30,5230.89990234375,5239.85009765625,5230.89990234375,5230.89990234375,34
2021-06-15 11:51:00+05:30,5230.89990234375,5232.4501953125,5230.89990234375,5232.4501953125,11
2021-06-15 11:52:00+05:30,5231.5,5239.0,5225.0,5225.0,193
2021-06-15 11:53:00+05:30,5225.0,5225.0,5224.0,5224.4501953125,18
2021-06-15 11:54:00+05:30,5225.0,5225.0,5220.5,5220.5,51
2021-06-15 11:55:00+05:30,5220.5498046875,5220.5498046875,5220.5,5220.5,3
2021-06-15 11:56:00+05:30,5220.5,5220.5,5220.5,5220.5,7
2021-06-15 12:00:00+05:30,5220.5498046875,5220.5498046875,5220.5498046875,5220.5498046875,2
2021-06-15 12:01:00+05:30,5224.9501953125,5225.0,5222.9501953125,5225.0,7
2021-06-15 12:02:00+05:30,5225.0,5230.2998046875,5225.0,5230.2998046875,43
2021-06-15 12:03:00+05:30,5228.64990234375,5229.89990234375,5228.64990234375,5229.4501953125,21
2021-06-15 12:04:00+05:30,5229.64990234375,5229.89990234375,5229.64990234375,5229.89990234375,78
2021-06-15 12:05:00+05:30,5229.89990234375,5232.25,5229.89990234375,5232.25,6
2021-06-15 12:06:00+05:30,5232.25,5232.25,5231.10009765625,5231.10009765625,3
2021-06-15 12:07:00+05:30,5236.35009765625,5236.35009765625,5234.0,5234.0,25
2021-06-15 12:08:00+05:30,5234.0,5235.0,5234.0,5234.7998046875,11
2021-06-15 12:09:00+05:30,5235.25,5235.25,5222.0498046875,5222.0498046875,180
2021-06-15 12:10:00+05:30,5220.5498046875,5220.5498046875,5220.5,5220.5,73
2021-06-15 12:11:00+05:30,5220.5,5220.5498046875,5220.5,5220.5498046875,4
2021-06-15 12:12:00+05:30,5223.5,5225.0,5220.5498046875,5225.0,11
2021-06-15 12:13:00+05:30,5225.0,5225.0,5225.0,5225.0,4
2021-06-15 12:14:00+05:30,5226.0,5226.0,5226.0,5226.0,8
2021-06-15 12:15:00+05:30,5233.64990234375,5233.64990234375,5226.2998046875,5226.2998046875,2
2021-06-15 12:16:00+05:30,5228.0,5228.0,5228.0,5228.0,11
2021-06-15 12:17:00+05:30,5227.0,5249.7001953125,5227.0,5249.7001953125,260
2021-06-15 12:18:00+05:30,5230.5498046875,5230.5498046875,5221.0498046875,5221.0498046875,28
2021-06-15 12:19:00+05:30,5222.0,5225.0,5222.0,5225.0,6
2021-06-15 12:20:00+05:30,5222.14990234375,5225.0,5222.10009765625,5225.0,19
2021-06-15 12:21:00+05:30,5223.0,5225.0,5223.0,5223.0498046875,14
2021-06-15 12:22:00+05:30,5223.0498046875,5228.2001953125,5223.0498046875,5228.2001953125,5
2021-06-15 12:23:00+05:30,5226.39990234375,5228.0,5226.39990234375,5228.0,20
2021-06-15 12:25:00+05:30,5229.85009765625,5229.85009765625,5224.0,5224.0,149
2021-06-15 12:26:00+05:30,5221.39990234375,5221.39990234375,5220.0498046875,5220.0498046875,39
2021-06-15 12:27:00+05:30,5220.0498046875,5220.0498046875,5220.0498046875,5220.0498046875,8
2021-06-15 12:28:00+05:30,5220.0498046875,5220.0498046875,5220.0,5220.0,7
2021-06-15 12:33:00+05:30,5225.0,5228.39990234375,5225.0,5228.39990234375,41
2021-06-15 12:34:00+05:30,5228.35009765625,5228.35009765625,5212.0498046875,5212.0498046875,128
2021-06-15 12:35:00+05:30,5219.0498046875,5219.0498046875,5213.64990234375,5213.64990234375,10
2021-06-15 12:36:00+05:30,5213.64990234375,5221.75,5213.64990234375,5215.0498046875,21
2021-06-15 12:37:00+05:30,5216.85009765625,5216.85009765625,5216.85009765625,5216.85009765625,19
2021-06-15 12:38:00+05:30,5216.85009765625,5216.85009765625,5216.85009765625,5216.85009765625,0
2021-06-15 12:41:00+05:30,5225.0,5225.0,5225.0,5225.0,1
2021-06-15 12:42:00+05:30,5225.0,5229.75,5225.0,5226.5498046875,67
2021-06-15 12:43:00+05:30,5227.0498046875,5229.7998046875,5227.0,5229.7998046875,10
2021-06-15 12:44:00+05:30,5227.0498046875,5228.5,5227.0498046875,5227.0498046875,3
2021-06-15 12:45:00+05:30,5228.10009765625,5228.2001953125,5228.10009765625,5228.2001953125,67
2021-06-15 12:46:00+05:30,5228.2001953125,5231.5498046875,5228.2001953125,5231.5498046875,15
2021-06-15 12:47:00+05:30,5228.2001953125,5231.5498046875,5228.2001953125,5231.5498046875,0
2021-06-15 12:48:00+05:30,5234.0,5234.89990234375,5234.0,5234.89990234375,3
2021-06-15 12:49:00+05:30,5234.0,5238.25,5225.35009765625,5225.35009765625,178
2021-06-15 12:50:00+05:30,5224.7001953125,5224.7001953125,5220.39990234375,5224.39990234375,17
2021-06-15 12:51:00+05:30,5224.39990234375,5230.0,5224.39990234375,5230.0,31
2021-06-15 12:52:00+05:30,5232.2001953125,5232.2001953125,5232.2001953125,5232.2001953125,2
2021-06-15 12:53:00+05:30,5233.0,5233.0,5233.0,5233.0,1
2021-06-15 12:54:00+05:30,5233.0,5236.9501953125,5233.0,5236.9501953125,410
2021-06-15 12:55:00+05:30,5233.0498046875,5237.0,5233.0498046875,5233.14990234375,31
2021-06-15 12:56:00+05:30,5233.10009765625,5233.10009765625,5233.10009765625,5233.10009765625,23
2021-06-15 12:57:00+05:30,5238.2998046875,5238.2998046875,5235.0,5235.0,5
2021-06-15 12:58:00+05:30,5239.85009765625,5239.89990234375,5235.0498046875,5239.89990234375,21
2021-06-15 12:59:00+05:30,5244.7998046875,5249.64990234375,5244.7998046875,5249.5,48
2021-06-15 13:00:00+05:30,5245.0,5245.85009765625,5240.0,5240.0,232
2021-06-15 13:01:00+05:30,5240.14990234375,5240.14990234375,5240.10009765625,5240.10009765625,9
2021-06-15 13:02:00+05:30,5240.25,5246.39990234375,5240.2001953125,5246.39990234375,17
2021-06-15 13:03:00+05:30,5241.0498046875,5241.0498046875,5240.9501953125,5240.9501953125,16
2021-06-15 13:04:00+05:30,5241.0,5241.0,5241.0,5241.0,9
2021-06-15 13:05:00+05:30,5241.0498046875,5241.0498046875,5241.0,5241.0,10
2021-06-15 13:07:00+05:30,5241.0498046875,5241.0498046875,5241.0498046875,5241.0498046875,0
2021-06-15 13:08:00+05:30,5241.0498046875,5246.0498046875,5241.0498046875,5246.0498046875,344
2021-06-15 13:09:00+05:30,5241.0498046875,5241.0498046875,5241.0498046875,5241.0498046875,0
2021-06-15 13:10:00+05:30,5241.0498046875,5241.0498046875,5241.0498046875,5241.0498046875,8
2021-06-15 13:11:00+05:30,5241.0498046875,5247.60009765625,5241.0498046875,5247.5498046875,5
2021-06-15 13:12:00+05:30,5241.14990234375,5241.14990234375,5241.14990234375,5241.14990234375,4
2021-06-15 13:14:00+05:30,5241.14990234375,5241.14990234375,5241.14990234375,5241.14990234375,8
2021-06-15 13:15:00+05:30,5245.0,5245.0,5241.14990234375,5241.14990234375,12
2021-06-15 13:16:00+05:30,5247.25,5247.25,5247.10009765625,5247.10009765625,186
2021-06-15 13:17:00+05:30,5241.0498046875,5241.0498046875,5241.0498046875,5241.0498046875,2
2021-06-15 13:18:00+05:30,5241.0498046875,5241.0498046875,5241.0,5241.0,13
2021-06-15 13:19:00+05:30,5241.0,5241.0,5241.0,5241.0,5
2021-06-15 13:21:00+05:30,5246.85009765625,5246.85009765625,5241.0498046875,5241.0498046875,6
2021-06-15 13:25:00+05:30,5247.0,5247.0,5244.4501953125,5244.4501953125,161
2021-06-15 13:26:00+05:30,5244.4501953125,5244.4501953125,5244.4501953125,5244.4501953125,3
2021-06-15 13:27:00+05:30,5244.4501953125,5247.0,5244.39990234375,5247.0,24
2021-06-15 13:28:00+05:30,5244.39990234375,5244.39990234375,5244.39990234375,5244.39990234375,0
2021-06-15 13:32:00+05:30,5245.7001953125,5245.7001953125,5244.4501953125,5244.4501953125,82
2021-06-15 13:33:00+05:30,5246.2998046875,5246.39990234375,5244.4501953125,5246.2998046875,218
2021-06-15 13:34:00+05:30,5242.0,5242.0,5242.0,5242.0,0
2021-06-15 13:35:00+05:30,5242.0498046875,5242.0498046875,5241.9501953125,5241.9501953125,92
2021-06-15 13:36:00+05:30,5240.0,5240.0,5229.85009765625,5229.85009765625,27
2021-06-15 13:37:00+05:30,5229.85009765625,5229.85009765625,5229.7998046875,5229.7998046875,4
2021-06-15 13:43:00+05:30,5235.0,5239.9501953125,5235.0,5239.9501953125,10
2021-06-15 13:44:00+05:30,5239.7001953125,5245.14990234375,5239.7001953125,5245.14990234375,24
2021-06-15 13:45:00+05:30,5242.4501953125,5245.35009765625,5242.4501953125,5245.35009765625,8
2021-06-15 13:46:00+05:30,5245.2998046875,5245.39990234375,5243.7998046875,5243.85009765625,78
2021-06-15 13:47:00+05:30,5243.85009765625,5244.60009765625,5243.85009765625,5244.60009765625,10
2021-06-15 13:48:00+05:30,5244.25,5244.25,5244.25,5244.25,2
2021-06-15 13:49:00+05:30,5247.0,5247.0,5244.25,5245.5,242
2021-06-15 13:50:00+05:30,5235.39990234375,5238.5,5233.2998046875,5238.5,0
2021-06-15 13:51:00+05:30,5238.5,5238.5,5234.0,5234.0,19
2021-06-15 13:52:00+05:30,5234.0,5234.0,5234.0,5234.0,0
2021-06-15 13:56:00+05:30,5239.7001953125,5239.7001953125,5239.7001953125,5239.7001953125,3
2021-06-15 13:57:00+05:30,5245.0498046875,5245.0498046875,5235.0498046875,5235.0498046875,181
2021-06-15 13:58:00+05:30,5233.0498046875,5233.0498046875,5232.0,5232.0,10
2021-06-15 13:59:00+05:30,5232.0498046875,5232.0498046875,5232.0498046875,5232.0498046875,13
2021-06-15 14:01:00+05:30,5243.0498046875,5243.0498046875,5243.0498046875,5243.0498046875,9
2021-06-15 14:02:00+05:30,5243.10009765625,5244.85009765625,5243.10009765625,5244.85009765625,0
2021-06-15 14:03:00+05:30,5247.5,5248.0,5241.7998046875,5241.7998046875,23
2021-06-15 14:04:00+05:30,5247.0,5247.0,5247.0,5247.0,0
2021-06-15 14:05:00+05:30,5246.9501953125,5247.0,5246.9501953125,5246.9501953125,296
2021-06-15 14:06:00+05:30,5238.0,5245.2998046875,5237.25,5241.2998046875,0
2021-06-15 14:07:00+05:30,5241.2001953125,5241.2001953125,5241.2001953125,5241.2001953125,18
2021-06-15 14:13:00+05:30,5244.4501953125,5244.4501953125,5244.4501953125,5244.4501953125,204
2021-06-15 14:14:00+05:30,5237.4501953125,5238.64990234375,5237.4501953125,5238.64990234375,26
2021-06-15 14:15:00+05:30,5239.2001953125,5239.2001953125,5239.14990234375,5239.14990234375,4
2021-06-15 14:20:00+05:30,5243.75,5243.75,5243.75,5243.75,0
2021-06-15 14:21:00+05:30,5245.89990234375,5245.89990234375,5245.85009765625,5245.89990234375,54
2021-06-15 14:22:00+05:30,5244.14990234375,5244.14990234375,5244.14990234375,5244.14990234375,0
2021-06-15 14:23:00+05:30,5245.85009765625,5245.89990234375,5245.0,5245.89990234375,140
2021-06-15 14:24:00+05:30,5244.9501953125,5244.9501953125,5244.9501953125,5244.9501953125,25
2021-06-15 14:25:00+05:30,5244.9501953125,5244.9501953125,5244.9501953125,5244.9501953125,3
2021-06-15 14:26:00+05:30,5244.9501953125,5244.9501953125,5244.89990234375,5244.89990234375,34
2021-06-15 14:27:00+05:30,5244.89990234375,5245.0,5244.2001953125,5245.0,79
2021-06-15 14:28:00+05:30,5244.7998046875,5244.85009765625,5241.0,5241.0,44
2021-06-15 14:29:00+05:30,5236.0,5236.0,5236.0,5236.0,9
2021-06-15 14:34:00+05:30,5241.0,5245.0,5241.0,5245.0,23
2021-06-15 14:35:00+05:30,5245.0,5245.0498046875,5236.2001953125,5236.2001953125,203
2021-06-15 14:36:00+05:30,5236.14990234375,5236.14990234375,5236.14990234375,5236.14990234375,17
2021-06-15 14:37:00+05:30,5236.14990234375,5236.14990234375,5236.14990234375,5236.14990234375,0
2021-06-15 14:39:00+05:30,5236.2001953125,5236.2001953125,5236.2001953125,5236.2001953125,2
2021-06-15 14:40:00+05:30,5237.14990234375,5237.14990234375,5237.10009765625,5237.10009765625,58
2021-06-15 14:41:00+05:30,5238.9501953125,5240.39990234375,5238.9501953125,5240.39990234375,14
2021-06-15 14:44:00+05:30,5245.0,5245.0,5245.0,5245.0,4
2021-06-15 14:45:00+05:30,5245.9501953125,5245.9501953125,5245.10009765625,5245.10009765625,166
2021-06-15 14:46:00+05:30,5231.64990234375,5237.39990234375,5231.64990234375,5237.39990234375,25
2021-06-15 14:47:00+05:30,5240.0,5240.0,5237.35009765625,5237.35009765625,1
2021-06-15 14:49:00+05:30,5243.10009765625,5243.10009765625,5243.10009765625,5243.10009765625,1
2021-06-15 14:50:00+05:30,5237.35009765625,5238.60009765625,5237.35009765625,5238.60009765625,10
2021-06-15 14:51:00+05:30,5246.9501953125,5246.9501953125,5239.0,5239.0,15
2021-06-15 14:52:00+05:30,5244.5,5244.5,5239.39990234375,5241.9501953125,10
2021-06-15 14:53:00+05:30,5245.0,5246.35009765625,5244.25,5244.25,172
2021-06-15 14:54:00+05:30,5232.0498046875,5244.9501953125,5232.0,5239.75,43
2021-06-15 14:56:00+05:30,5238.39990234375,5239.0,5226.0498046875,5226.0498046875,135
2021-06-15 14:57:00+05:30,5226.2001953125,5226.25,5226.2001953125,5226.25,0
2021-06-15 14:58:00+05:30,5229.7001953125,5229.7001953125,5229.7001953125,5229.7001953125,0
2021-06-15 14:59:00+05:30,5229.0498046875,5235.0,5229.0498046875,5235.0,42
2021-06-15 15:00:00+05:30,5230.4501953125,5230.4501953125,5230.0,5230.0,4
2021-06-15 15:01:00+05:30,5235.0,5235.0,5235.0,5235.0,3
2021-06-15 15:02:00+05:30,5234.9501953125,5234.9501953125,5230.0,5230.0,69
2021-06-15 15:03:00+05:30,5238.7998046875,5239.0,5238.75,5239.0,16
2021-06-15 15:04:00+05:30,5238.89990234375,5239.0,5238.7998046875,5238.7998046875,68
2021-06-15 15:05:00+05:30,5242.85009765625,5242.85009765625,5238.7998046875,5238.7998046875,0
2021-06-15 15:06:00+05:30,5242.85009765625,5242.85009765625,5242.64990234375,5242.64990234375,43
2021-06-15 15:07:00+05:30,5240.7998046875,5240.7998046875,5240.7998046875,5240.7998046875,28
2021-06-15 15:08:00+05:30,5241.0,5242.89990234375,5240.89990234375,5242.89990234375,43
2021-06-15 15:09:00+05:30,5243.0,5243.0,5242.89990234375,5242.89990234375,94
2021-06-15 15:10:00+05:30,5242.9501953125,5242.9501953125,5242.89990234375,5242.89990234375,26
2021-06-15 15:11:00+05:30,5242.85009765625,5243.0,5242.85009765625,5243.0,50
2021-06-15 15:12:00+05:30,5243.0,5245.0,5243.0,5243.0,24
2021-06-15 15:13:00+05:30,5245.0,5245.0,5245.0,5245.0,2
2021-06-15 15:14:00+05:30,5245.0,5245.0,5243.0,5243.0,3
2021-06-15 15:15:00+05:30,5245.0,5245.7001953125,5242.9501953125,5242.9501953125,149
2021-06-15 15:16:00+05:30,5244.7998046875,5244.7998046875,5231.2001953125,5231.2001953125,28
2021-06-15 15:17:00+05:30,5240.9501953125,5240.9501953125,5240.9501953125,5240.9501953125,1
2021-06-15 15:18:00+05:30,5234.60009765625,5234.60009765625,5234.60009765625,5234.60009765625,1
2021-06-15 15:19:00+05:30,5234.5498046875,5235.0,5234.5498046875,5235.0,3
2021-06-15 15:20:00+05:30,5237.0,5238.60009765625,5237.0,5238.60009765625,19
2021-06-15 15:21:00+05:30,5238.60009765625,5244.14990234375,5238.0,5244.14990234375,9
2021-06-15 15:22:00+05:30,5245.0,5249.4501953125,5245.0,5249.2998046875,131
2021-06-15 15:23:00+05:30,5245.10009765625,5245.10009765625,5244.14990234375,5244.14990234375,2
2021-06-15 15:24:00+05:30,5244.85009765625,5247.0,5244.2998046875,5247.0,84
2021-06-15 15:25:00+05:30,5247.0,5247.0,5238.89990234375,5238.89990234375,57
2021-06-15 15:26:00+05:30,5230.2001953125,5240.2998046875,5230.14990234375,5240.2998046875,13
2021-06-15 15:27:00+05:30,5240.9501953125,5245.0,5240.9501953125,5245.0,27
2021-06-15 15:28:00+05:30,5245.14990234375,5245.14990234375,5235.35009765625,5235.35009765625,8
2021-06-15 15:29:00+05:30,5241.0,5242.0498046875,5216.85009765625,5242.0498046875,41
2021-06-16 09:16:00+05:30,5246.9501953125,5255.14990234375,5246.9501953125,5255.14990234375,4
2021-06-16 09:17:00+05:30,5242.7001953125,5242.7001953125,5240.0,5240.0,17
2021-06-16 09:18:00+05:30,5240.0,5240.0,5237.4501953125,5237.4501953125,4
2021-06-16 09:19:00+05:30,5240.25,5240.25,5240.25,5240.25,7
2021-06-16 09:25:00+05:30,5245.7001953125,5245.7001953125,5245.7001953125,5245.7001953125,2
2021-06-16 09:29:00+05:30,5246.14990234375,5246.14990234375,5246.14990234375,5246.14990234375,1
2021-06-16 09:31:00+05:30,5251.0,5251.0,5251.0,5251.0,19
2021-06-16 09:32:00+05:30,5246.14990234375,5246.14990234375,5246.14990234375,5246.14990234375,0
2021-06-16 09:35:00+05:30,5255.9501953125,5255.9501953125,5255.9501953125,5255.9501953125,1
2021-06-16 09:36:00+05:30,5258.7998046875,5258.7998046875,5251.89990234375,5251.89990234375,1
2021-06-16 09:39:00+05:30,5251.89990234375,5259.0,5250.0498046875,5253.9501953125,25
2021-06-16 09:41:00+05:30,5251.9501953125,5251.9501953125,5251.7998046875,5251.7998046875,4
2021-06-16 09:42:00+05:30,5251.7998046875,5251.7998046875,5245.0,5245.0,122
2021-06-16 09:43:00+05:30,5260.0,5260.0,5247.9501953125,5247.9501953125,58
2021-06-16 09:44:00+05:30,5247.2001953125,5247.2001953125,5247.2001953125,5247.2001953125,1
2021-06-16 09:45:00+05:30,5245.75,5247.14990234375,5245.0498046875,5245.0498046875,5
2021-06-16 09:46:00+05:30,5245.60009765625,5245.60009765625,5245.0,5245.0,6
2021-06-16 09:47:00+05:30,5245.0,5245.0,5245.0,5245.0,2
2021-06-16 09:48:00+05:30,5245.0,5245.0,5245.0,5245.0,8
2021-06-16 09:49:00+05:30,5245.0,5245.0,5240.25,5240.25,35
2021-06-16 09:54:00+05:30,5220.75,5220.75,5220.75,5220.75,4
2021-06-16 09:55:00+05:30,5219.0,5219.0,5219.0,5219.0,26
2021-06-16 09:57:00+05:30,5219.0,5219.0,5219.0,5219.0,0
2021-06-16 10:05:00+05:30,5231.0,5231.0,5231.0,5231.0,26
2021-06-16 10:06:00+05:30,5219.0498046875,5219.0498046875,5219.0498046875,5219.0498046875,11
2021-06-16 10:17:00+05:30,5233.10009765625,5233.10009765625,5230.0498046875,5230.0498046875,21
2021-06-16 10:18:00+05:30,5250.10009765625,5250.10009765625,5227.0,5227.0,252
2021-06-16 10:20:00+05:30,5250.0498046875,5253.2001953125,5250.0,5250.0,133
2021-06-16 10:21:00+05:30,5250.0,5250.0,5250.0,5250.0,10
2021-06-16 10:22:00+05:30,5250.0,5250.0,5250.0,5250.0,3
2021-06-16 10:23:00+05:30,5250.0498046875,5250.0498046875,5250.0498046875,5250.0498046875,6
2021-06-16 10:25:00+05:30,5250.0,5255.0,5250.0,5255.0,8
2021-06-16 10:28:00+05:30,5253.5,5255.0,5253.5,5255.0,4
2021-06-16 10:32:00+05:30,5256.0,5256.75,5256.0,5256.75,6
2021-06-16 10:35:00+05:30,5259.0,5259.0,5259.0,5259.0,10
2021-06-16 10:36:00+05:30,5260.85009765625,5265.9501953125,5260.85009765625,5264.2001953125,9
2021-06-16 10:37:00+05:30,5264.25,5268.14990234375,5264.25,5264.35009765625,42
2021-06-16 10:38:00+05:30,5254.2001953125,5254.2001953125,5250.0,5250.0,194
2021-06-16 10:39:00+05:30,5254.7001953125,5254.7001953125,5254.7001953125,5254.7001953125,1
2021-06-16 10:41:00+05:30,5250.25,5250.25,5250.0,5250.0,54
2021-06-16 10:43:00+05:30,5251.0498046875,5251.0498046875,5251.0498046875,5251.0498046875,6
2021-06-16 10:47:00+05:30,5250.0,5250.0,5250.0,5250.0,9
2021-06-16 10:48:00+05:30,5250.0,5250.0,5250.0,5250.0,19
2021-06-16 10:50:00+05:30,5245.10009765625,5245.10009765625,5245.10009765625,5245.10009765625,3
2021-06-16 10:51:00+05:30,5236.25,5237.64990234375,5232.2001953125,5237.64990234375,6
2021-06-16 10:52:00+05:30,5232.0,5232.0,5232.0,5232.0,13
2021-06-16 10:53:00+05:30,5232.0,5232.0,5225.0,5225.0,6
2021-06-16 11:02:00+05:30,5225.85009765625,5225.85009765625,5225.85009765625,5225.85009765625,0
2021-06-16 11:12:00+05:30,5200.0,5200.0,5200.0,5200.0,279
2021-06-16 11:13:00+05:30,5202.0,5203.0,5202.0,5203.0,0
2021-06-16 11:18:00+05:30,5215.4501953125,5215.4501953125,5215.4501953125,5215.4501953125,0
2021-06-16 11:22:00+05:30,5222.10009765625,5222.10009765625,5222.10009765625,5222.10009765625,2
2021-06-16 11:27:00+05:30,5218.10009765625,5218.10009765625,5218.10009765625,5218.10009765625,3
2021-06-16 11:28:00+05:30,5214.25,5214.25,5214.25,5214.25,41
2021-06-16 11:29:00+05:30,5206.0,5206.0,5206.0,5206.0,8
2021-06-16 11:38:00+05:30,5213.0498046875,5213.0498046875,5213.0498046875,5213.0498046875,9
2021-06-16 11:40:00+05:30,5212.7998046875,5212.7998046875,5210.0498046875,5212.75,2
2021-06-16 11:41:00+05:30,5210.0,5210.0,5209.0,5209.0,2
2021-06-16 11:43:00+05:30,5214.0498046875,5214.0498046875,5214.0498046875,5214.0498046875,1
2021-06-16 11:47:00+05:30,5218.7001953125,5218.7001953125,5218.7001953125,5218.7001953125,0
2021-06-16 11:54:00+05:30,5218.75,5218.7998046875,5218.75,5218.7998046875,4
2021-06-16 11:55:00+05:30,5218.7998046875,5230.0,5218.7998046875,5230.0,39
2021-06-16 11:56:00+05:30,5230.0,5230.0,5218.2001953125,5218.2001953125,32
2021-06-16 11:58:00+05:30,5217.2998046875,5217.2998046875,5214.85009765625,5214.85009765625,2
2021-06-16 11:59:00+05:30,5229.9501953125,5229.9501953125,5212.4501953125,5215.0,48
2021-06-16 12:00:00+05:30,5216.0,5216.0,5216.0,5216.0,1
2021-06-16 12:02:00+05:30,5223.5,5223.5,5215.9501953125,5215.9501953125,4
2021-06-16 12:04:00+05:30,5216.89990234375,5216.89990234375,5216.89990234375,5216.89990234375,2
2021-06-16 12:05:00+05:30,5221.0,5221.0,5221.0,5221.0,3
2021-06-16 12:08:00+05:30,5215.0,5215.0,5211.0498046875,5211.0498046875,3
2021-06-16 12:09:00+05:30,5220.64990234375,5220.64990234375,5220.64990234375,5220.64990234375,7
2021-06-16 12:18:00+05:30,5217.9501953125,5217.9501953125,5217.9501953125,5217.9501953125,2
2021-06-16 12:25:00+05:30,5210.0498046875,5217.89990234375,5210.0498046875,5217.89990234375,5
2021-06-16 12:27:00+05:30,5217.9501953125,5217.9501953125,5217.9501953125,5217.9501953125,2
2021-06-16 12:50:00+05:30,5217.85009765625,5217.85009765625,5210.0,5210.0,14
2021-06-16 12:59:00+05:30,5211.0,5211.0,5211.0,5211.0,7
2021-06-16 13:00:00+05:30,5211.0,5211.0,5211.0,5211.0,0
2021-06-16 13:01:00+05:30,5211.0,5211.0,5211.0,5211.0,16
2021-06-16 13:05:00+05:30,5217.85009765625,5217.85009765625,5217.85009765625,5217.85009765625,0
2021-06-16 13:06:00+05:30,5217.85009765625,5217.85009765625,5211.0,5211.0,11
2021-06-16 13:08:00+05:30,5213.9501953125,5213.9501953125,5213.9501953125,5213.9501953125,3
2021-06-16 13:13:00+05:30,5211.0,5211.0,5211.0,5211.0,3
2021-06-16 13:14:00+05:30,5217.60009765625,5217.60009765625,5217.60009765625,5217.60009765625,0
2021-06-16 13:15:00+05:30,5217.60009765625,5217.60009765625,5211.0,5211.0,4
2021-06-16 13:21:00+05:30,5210.0,5215.64990234375,5210.0,5215.64990234375,24
2021-06-16 13:22:00+05:30,5217.75,5217.75,5217.75,5217.75,6
2021-06-16 13:24:00+05:30,5217.75,5217.75,5217.75,5217.75,1
2021-06-16 13:25:00+05:30,5213.85009765625,5213.85009765625,5213.85009765625,5213.85009765625,1
2021-06-16 13:32:00+05:30,5217.5,5217.5,5212.4501953125,5212.4501953125,22
2021-06-16 13:34:00+05:30,5214.5,5214.5,5210.0498046875,5210.0498046875,3
2021-06-16 13:35:00+05:30,5212.75,5212.75,5212.75,5212.75,1
2021-06-16 13:36:00+05:30,5216.5,5216.5,5216.5,5216.5,1
2021-06-16 13:37:00+05:30,5213.25,5213.25,5213.25,5213.25,0
2021-06-16 13:38:00+05:30,5217.89990234375,5217.89990234375,5216.2001953125,5216.2001953125,4
2021-06-16 13:40:00+05:30,5217.89990234375,5217.89990234375,5217.89990234375,5217.89990234375,2
2021-06-16 13:43:00+05:30,5224.7998046875,5224.7998046875,5216.2998046875,5216.2998046875,7
2021-06-16 13:45:00+05:30,5218.7998046875,5218.7998046875,5218.7998046875,5218.7998046875,2
2021-06-16 13:48:00+05:30,5219.35009765625,5219.35009765625,5219.35009765625,5219.35009765625,0
2021-06-16 13:56:00+05:30,5218.9501953125,5218.9501953125,5216.5498046875,5216.5498046875,13
2021-06-16 13:57:00+05:30,5223.7998046875,5223.7998046875,5217.85009765625,5217.85009765625,4
2021-06-16 13:58:00+05:30,5218.0498046875,5218.0498046875,5218.0498046875,5218.0498046875,0
2021-06-16 14:10:00+05:30,5222.0,5222.0,5222.0,5222.0,3
2021-06-16 14:12:00+05:30,5217.89990234375,5217.89990234375,5217.89990234375,5217.89990234375,2
2021-06-16 14:15:00+05:30,5221.75,5221.75,5221.75,5221.75,1
2021-06-16 14:25:00+05:30,5221.0,5221.0,5216.7001953125,5216.7001953125,3
2021-06-16 14:28:00+05:30,5219.14990234375,5219.14990234375,5219.14990234375,5219.14990234375,2
2021-06-16 14:32:00+05:30,5219.89990234375,5219.89990234375,5219.89990234375,5219.89990234375,4
2021-06-16 14:36:00+05:30,5223.0,5224.89990234375,5213.5498046875,5213.5498046875,30
2021-06-16 14:38:00+05:30,5224.89990234375,5224.89990234375,5213.7001953125,5213.7001953125,22
2021-06-16 14:39:00+05:30,5221.89990234375,5221.89990234375,5220.25,5220.25,27
2021-06-16 14:40:00+05:30,5223.75,5223.75,5212.5,5213.60009765625,23
2021-06-16 14:42:00+05:30,5224.89990234375,5224.89990234375,5212.5,5212.5,22
2021-06-16 14:44:00+05:30,5224.89990234375,5224.89990234375,5213.0,5213.0,22
2021-06-16 14:46:00+05:30,5224.7998046875,5224.7998046875,5213.0,5213.0,27
2021-06-16 14:48:00+05:30,5213.0,5224.75,5211.2001953125,5224.75,60
2021-06-16 14:49:00+05:30,5216.10009765625,5224.89990234375,5211.10009765625,5216.10009765625,151
2021-06-16 14:50:00+05:30,5224.85009765625,5234.9501953125,5220.7998046875,5230.5,117
2021-06-16 14:51:00+05:30,5230.5,5239.7001953125,5217.2001953125,5217.2001953125,97
2021-06-16 14:52:00+05:30,5229.0498046875,5237.5,5220.0,5237.5,85
2021-06-16 14:53:00+05:30,5239.75,5239.75,5223.2998046875,5239.10009765625,74
2021-06-16 14:54:00+05:30,5239.10009765625,5240.4501953125,5222.2998046875,5222.2998046875,140
2021-06-16 14:55:00+05:30,5222.2001953125,5229.0,5218.25,5218.25,132
2021-06-16 14:56:00+05:30,5218.25,5234.7998046875,5218.25,5233.0,98
2021-06-16 14:57:00+05:30,5238.89990234375,5238.89990234375,5218.25,5226.39990234375,88
2021-06-16 14:58:00+05:30,5226.39990234375,5233.10009765625,5219.0,5220.75,102
2021-06-16 14:59:00+05:30,5230.0498046875,5230.0498046875,5214.10009765625,5217.0,77
2021-06-16 15:00:00+05:30,5224.0498046875,5227.4501953125,5212.4501953125,5212.4501953125,137
2021-06-16 15:01:00+05:30,5216.0,5225.10009765625,5211.0,5211.0,89
2021-06-16 15:02:00+05:30,5214.60009765625,5224.89990234375,5211.0,5211.0,109
2021-06-16 15:03:00+05:30,5217.7998046875,5223.9501953125,5212.4501953125,5219.5,101
2021-06-16 15:04:00+05:30,5219.5,5225.25,5213.0,5213.0,93
2021-06-16 15:05:00+05:30,5222.14990234375,5229.4501953125,5216.5498046875,5222.0,122
2021-06-16 15:06:00+05:30,5213.64990234375,5232.2998046875,5213.64990234375,5232.2998046875,89
2021-06-16 15:07:00+05:30,5227.64990234375,5227.64990234375,5216.10009765625,5222.39990234375,95
2021-06-16 15:08:00+05:30,5222.5,5234.0,5222.2998046875,5234.0,109
2021-06-16 15:09:00+05:30,5234.0498046875,5236.75,5226.89990234375,5236.7001953125,145
2021-06-16 15:10:00+05:30,5236.7001953125,5238.39990234375,5216.7998046875,5216.7998046875,111
2021-06-16 15:11:00+05:30,5215.0,5229.25,5215.0,5225.0,47
2021-06-16 15:12:00+05:30,5229.0,5239.89990234375,5225.4501953125,5225.4501953125,132
2021-06-16 15:13:00+05:30,5230.25,5232.0,5222.39990234375,5225.0,119
2021-06-16 15:14:00+05:30,5231.25,5232.89990234375,5220.75,5232.89990234375,94
2021-06-16 15:15:00+05:30,5232.0,5233.0,5225.0498046875,5233.0,105
2021-06-16 15:16:00+05:30,5225.5498046875,5232.89990234375,5225.0,5225.10009765625,104
2021-06-16 15:17:00+05:30,5231.75,5231.7998046875,5225.10009765625,5231.4501953125,83
2021-06-16 15:18:00+05:30,5231.4501953125,5231.4501953125,5225.5498046875,5226.0498046875,94
2021-06-16 15:19:00+05:30,5225.25,5229.39990234375,5220.9501953125,5221.5498046875,89
2021-06-16 15:20:00+05:30,5229.2998046875,5229.2998046875,5222.0498046875,5225.0,103
2021-06-16 15:21:00+05:30,5222.39990234375,5232.39990234375,5222.39990234375,5225.35009765625,96
2021-06-16 15:22:00+05:30,5231.5498046875,5231.7001953125,5225.5,5226.0,82
2021-06-16 15:23:00+05:30,5231.7001953125,5233.0,5221.0498046875,5221.0498046875,92
2021-06-16 15:24:00+05:30,5231.35009765625,5231.35009765625,5221.0498046875,5221.0498046875,60
2021-06-16 15:25:00+05:30,5229.89990234375,5229.89990234375,5213.39990234375,5228.64990234375,87
2021-06-16 15:26:00+05:30,5230.0,5239.10009765625,5228.7001953125,5229.9501953125,89
2021-06-16 15:27:00+05:30,5217.35009765625,5232.25,5217.35009765625,5217.7001953125,43
2021-06-16 15:28:00+05:30,5230.0,5230.0,5215.0,5215.0,12
2021-06-16 15:29:00+05:30,5215.0,5230.0,5215.0,5227.7998046875,6
2021-06-17 15:29:00+05:30,5315.14990234375,5315.14990234375,5315.14990234375,5315.14990234375,0
2021-06-18 09:15:00+05:30,5331.9501953125,5331.9501953125,5290.64990234375,5290.64990234375,89
2021-06-18 09:16:00+05:30,5285.10009765625,5285.10009765625,5285.10009765625,5285.10009765625,2
2021-06-18 09:17:00+05:30,5285.10009765625,5314.14990234375,5285.0498046875,5314.14990234375,69
2021-06-18 09:18:00+05:30,5305.89990234375,5305.89990234375,5292.25,5292.25,25
2021-06-18 09:19:00+05:30,5292.2001953125,5293.0498046875,5292.2001953125,5293.0498046875,12
2021-06-18 09:20:00+05:30,5293.2001953125,5293.2001953125,5275.2998046875,5275.2998046875,102
2021-06-18 09:21:00+05:30,5268.10009765625,5275.2001953125,5268.10009765625,5270.0498046875,57
2021-06-18 09:22:00+05:30,5270.0498046875,5270.0498046875,5270.0,5270.0,5
2021-06-18 09:23:00+05:30,5270.7998046875,5273.5498046875,5270.7998046875,5273.5498046875,12
2021-06-18 09:24:00+05:30,5274.89990234375,5295.0,5274.89990234375,5295.0,45
2021-06-18 09:25:00+05:30,5295.0,5302.7001953125,5295.0,5298.7001953125,10
2021-06-18 09:26:00+05:30,5298.75,5303.0498046875,5298.75,5299.39990234375,58
2021-06-18 09:27:00+05:30,5295.0,5298.25,5295.0,5298.25,17
2021-06-18 09:28:00+05:30,5295.0,5295.0,5295.0,5295.0,3
2021-06-18 09:29:00+05:30,5279.14990234375,5283.75,5279.14990234375,5283.75,4
2021-06-18 09:32:00+05:30,5270.10009765625,5270.10009765625,5270.10009765625,5270.10009765625,4
2021-06-18 09:33:00+05:30,5275.5,5275.5,5275.5,5275.5,2
2021-06-18 09:35:00+05:30,5285.0,5285.0,5285.0,5285.0,0
2021-06-18 09:38:00+05:30,5284.64990234375,5284.64990234375,5280.25,5280.25,9
2021-06-18 09:41:00+05:30,5280.0,5280.0,5267.0,5267.0,60
2021-06-18 09:45:00+05:30,5261.5498046875,5264.2001953125,5261.5498046875,5264.2001953125,10
2021-06-18 09:46:00+05:30,5257.5498046875,5257.5498046875,5257.5498046875,5257.5498046875,6
2021-06-18 09:48:00+05:30,5264.10009765625,5264.10009765625,5258.0498046875,5258.0498046875,17
2021-06-18 09:50:00+05:30,5258.0498046875,5258.0498046875,5254.10009765625,5254.10009765625,10
2021-06-18 09:51:00+05:30,5256.5498046875,5256.5498046875,5254.0,5254.0,4
2021-06-18 09:52:00+05:30,5263.35009765625,5263.35009765625,5257.0,5257.0,4
2021-06-18 09:54:00+05:30,5257.10009765625,5257.10009765625,5257.0498046875,5257.0498046875,68
2021-06-18 09:55:00+05:30,5235.0498046875,5245.0498046875,5235.0498046875,5236.10009765625,38
2021-06-18 09:56:00+05:30,5236.0498046875,5236.0498046875,5232.0498046875,5232.0498046875,36
2021-06-18 09:57:00+05:30,5235.7001953125,5235.7001953125,5211.0498046875,5226.2001953125,67
2021-06-18 09:58:00+05:30,5211.0498046875,5220.0,5206.2998046875,5206.5,54
2021-06-18 09:59:00+05:30,5206.5,5210.0,5206.5,5210.0,19
2021-06-18 10:00:00+05:30,5230.0,5230.0,5213.0,5213.0,36
2021-06-18 10:01:00+05:30,5216.0,5222.85009765625,5216.0,5222.25,24
2021-06-18 10:02:00+05:30,5211.2001953125,5212.5498046875,5211.2001953125,5212.5498046875,71
2021-06-18 10:03:00+05:30,5239.35009765625,5239.35009765625,5232.10009765625,5232.10009765625,7
2021-06-18 10:04:00+05:30,5235.2001953125,5235.2001953125,5235.2001953125,5235.2001953125,5
2021-06-18 10:07:00+05:30,5220.2998046875,5220.2998046875,5220.2998046875,5220.2998046875,3
2021-06-18 10:10:00+05:30,5220.0,5227.2998046875,5215.2001953125,5219.0498046875,13
2021-06-18 10:12:00+05:30,5225.0,5225.0,5225.0,5225.0,6
2021-06-18 10:13:00+05:30,5230.0,5234.85009765625,5224.5,5224.5,36
2021-06-18 10:14:00+05:30,5224.25,5235.64990234375,5221.2998046875,5235.64990234375,17
2021-06-18 10:15:00+05:30,5221.2998046875,5240.0,5221.2998046875,5239.9501953125,20
2021-06-18 10:16:00+05:30,5240.0,5244.39990234375,5227.60009765625,5231.2001953125,25
2021-06-18 10:17:00+05:30,5240.2001953125,5243.85009765625,5227.89990234375,5231.7998046875,20
2021-06-18 10:18:00+05:30,5231.85009765625,5243.0,5231.85009765625,5242.7998046875,27
2021-06-18 10:19:00+05:30,5235.10009765625,5242.75,5225.14990234375,5225.14990234375,28
2021-06-18 10:20:00+05:30,5232.10009765625,5239.0,5227.60009765625,5238.0498046875,24
2021-06-18 10:21:00+05:30,5238.14990234375,5248.7001953125,5232.7001953125,5248.7001953125,16
2021-06-18 10:22:00+05:30,5248.7001953125,5248.75,5233.0,5236.7001953125,26
2021-06-18 10:23:00+05:30,5243.2001953125,5245.89990234375,5232.25,5245.14990234375,24
2021-06-18 10:24:00+05:30,5245.14990234375,5246.10009765625,5230.25,5243.75,22
2021-06-18 10:25:00+05:30,5230.25,5247.2001953125,5230.25,5240.14990234375,28
2021-06-18 10:26:00+05:30,5230.5,5247.25,5230.5,5244.0,28
2021-06-18 10:27:00+05:30,5247.2998046875,5248.64990234375,5231.85009765625,5248.64990234375,30
2021-06-18 10:28:00+05:30,5239.5,5247.89990234375,5235.25,5235.25,18
2021-06-18 10:29:00+05:30,5246.89990234375,5246.89990234375,5233.5,5244.75,21
2021-06-18 10:30:00+05:30,5244.0,5246.89990234375,5232.10009765625,5232.2001953125,39
2021-06-18 10:31:00+05:30,5246.9501953125,5246.9501953125,5232.4501953125,5233.0,39
2021-06-18 10:32:00+05:30,5240.14990234375,5246.9501953125,5230.2998046875,5238.2001953125,32
2021-06-18 10:33:00+05:30,5246.9501953125,5249.0,5240.85009765625,5249.0,27
2021-06-18 10:34:00+05:30,5240.60009765625,5249.4501953125,5236.0498046875,5236.0498046875,57
2021-06-18 10:35:00+05:30,5235.75,5250.0,5235.75,5237.10009765625,21
2021-06-18 10:36:00+05:30,5248.7998046875,5251.0,5241.39990234375,5244.89990234375,20
2021-06-18 10:37:00+05:30,5255.0,5255.0,5236.14990234375,5252.10009765625,26
2021-06-18 10:38:00+05:30,5255.0,5255.0,5241.25,5252.85009765625,28
2021-06-18 10:39:00+05:30,5247.85009765625,5255.0,5247.0498046875,5255.0,21
2021-06-18 10:40:00+05:30,5255.0,5260.0,5244.60009765625,5260.0,25
2021-06-18 10:41:00+05:30,5253.2998046875,5274.2001953125,5253.2998046875,5261.60009765625,33
2021-06-18 10:42:00+05:30,5257.10009765625,5265.7001953125,5256.89990234375,5265.7001953125,23
2021-06-18 10:43:00+05:30,5253.10009765625,5261.4501953125,5249.9501953125,5260.5498046875,44
2021-06-18 10:44:00+05:30,5269.9501953125,5269.9501953125,5248.7998046875,5248.85009765625,29
2021-06-18 10:45:00+05:30,5240.4501953125,5250.0,5240.4501953125,5250.0,47
2021-06-18 10:46:00+05:30,5250.2998046875,5269.9501953125,5250.2998046875,5269.89990234375,26
2021-06-18 10:47:00+05:30,5253.0498046875,5269.85009765625,5252.0498046875,5269.85009765625,30
2021-06-18 10:48:00+05:30,5269.85009765625,5269.85009765625,5257.0,5265.60009765625,15
2021-06-18 10:49:00+05:30,5268.0,5268.0,5251.64990234375,5253.75,33
2021-06-18 10:50:00+05:30,5269.4501953125,5269.5498046875,5248.85009765625,5259.2998046875,53
2021-06-18 10:51:00+05:30,5257.7998046875,5265.7001953125,5253.0498046875,5256.60009765625,20
2021-06-18 10:52:00+05:30,5258.4501953125,5258.4501953125,5247.0498046875,5257.14990234375,11
2021-06-18 10:53:00+05:30,5260.2998046875,5269.9501953125,5260.2998046875,5269.7998046875,20
2021-06-18 10:54:00+05:30,5257.35009765625,5269.89990234375,5257.35009765625,5269.89990234375,8
2021-06-18 10:55:00+05:30,5269.89990234375,5269.89990234375,5260.9501953125,5264.0,39
2021-06-18 10:56:00+05:30,5263.9501953125,5264.0,5263.9501953125,5264.0,9
2021-06-18 10:57:00+05:30,5264.0,5269.64990234375,5253.0498046875,5253.0498046875,24
2021-06-18 10:58:00+05:30,5259.85009765625,5271.7001953125,5259.85009765625,5269.89990234375,24
2021-06-18 10:59:00+05:30,5257.60009765625,5269.60009765625,5253.0,5269.60009765625,26
2021-06-18 11:00:00+05:30,5267.75,5267.75,5231.7998046875,5231.85009765625,150
2021-06-18 11:01:00+05:30,5235.39990234375,5250.0,5234.75,5247.35009765625,29
2021-06-18 11:02:00+05:30,5222.89990234375,5246.5498046875,5222.89990234375,5246.5498046875,30
2021-06-18 11:03:00+05:30,5247.10009765625,5247.14990234375,5227.60009765625,5247.14990234375,24
2021-06-18 11:04:00+05:30,5227.25,5244.4501953125,5227.0,5243.25,15
2021-06-18 11:05:00+05:30,5247.2001953125,5247.2001953125,5229.14990234375,5237.89990234375,45
2021-06-18 11:06:00+05:30,5235.89990234375,5242.9501953125,5227.60009765625,5231.85009765625,20
2021-06-18 11:07:00+05:30,5242.9501953125,5242.9501953125,5225.25,5239.5498046875,35
2021-06-18 11:08:00+05:30,5240.10009765625,5248.5,5228.35009765625,5248.5,20
2021-06-18 11:09:00+05:30,5247.0,5248.2001953125,5229.5498046875,5229.5498046875,24
2021-06-18 11:10:00+05:30,5240.0,5248.64990234375,5235.2998046875,5243.75,30
2021-06-18 11:11:00+05:30,5246.7998046875,5248.0,5230.39990234375,5248.0,40
2021-06-18 11:12:00+05:30,5249.10009765625,5249.9501953125,5234.14990234375,5249.9501953125,45
2021-06-18 11:13:00+05:30,5250.0,5257.25,5238.60009765625,5254.10009765625,89
2021-06-18 11:14:00+05:30,5254.10009765625,5265.7001953125,5245.14990234375,5263.0498046875,23
2021-06-18 11:15:00+05:30,5250.0498046875,5254.85009765625,5250.0498046875,5254.85009765625,26
2021-06-18 11:16:00+05:30,5257.35009765625,5265.5,5250.35009765625,5262.9501953125,24
2021-06-18 11:17:00+05:30,5262.9501953125,5267.75,5262.9501953125,5267.75,20
2021-06-18 11:18:00+05:30,5257.14990234375,5267.75,5257.14990234375,5267.75,29
2021-06-18 11:19:00+05:30,5264.89990234375,5268.7998046875,5264.89990234375,5266.60009765625,13
2021-06-18 11:20:00+05:30,5268.0,5274.7998046875,5268.0,5274.7998046875,21
2021-06-18 11:21:00+05:30,5275.0,5275.0,5273.2998046875,5274.75,45
2021-06-18 11:22:00+05:30,5274.75,5275.0,5263.7001953125,5275.0,21
2021-06-18 11:23:00+05:30,5275.0,5279.25,5275.0,5279.25,13
2021-06-18 11:24:00+05:30,5279.25,5279.25,5268.5,5268.5,35
2021-06-18 11:25:00+05:30,5267.5,5274.2001953125,5267.5,5274.2001953125,16
2021-06-18 11:26:00+05:30,5273.85009765625,5275.0,5264.4501953125,5275.0,25
2021-06-18 11:27:00+05:30,5275.0,5275.0,5275.0,5275.0,7
2021-06-18 11:28:00+05:30,5275.0,5275.0,5273.0,5275.0,22
2021-06-18 11:29:00+05:30,5278.89990234375,5278.89990234375,5275.0,5275.0,9
2021-06-18 11:32:00+05:30,5274.2001953125,5274.9501953125,5267.39990234375,5274.75,34
2021-06-18 11:33:00+05:30,5273.10009765625,5274.9501953125,5266.5498046875,5266.5498046875,24
2021-06-18 11:34:00+05:30,5272.4501953125,5274.89990234375,5268.60009765625,5274.85009765625,23
2021-06-18 11:35:00+05:30,5274.85009765625,5274.89990234375,5266.39990234375,5266.39990234375,22
2021-06-18 11:36:00+05:30,5274.2001953125,5274.2001953125,5265.0498046875,5273.7998046875,25
2021-06-18 11:37:00+05:30,5274.89990234375,5274.89990234375,5274.2001953125,5274.89990234375,29
2021-06-18 11:38:00+05:30,5274.7998046875,5274.9501953125,5274.7998046875,5274.9501953125,25
2021-06-18 11:39:00+05:30,5269.85009765625,5274.14990234375,5266.7001953125,5274.10009765625,31
2021-06-18 11:40:00+05:30,5274.9501953125,5286.85009765625,5274.5498046875,5275.0,35
2021-06-18 11:41:00+05:30,5275.0,5275.0,5272.35009765625,5272.35009765625,9
2021-06-18 11:42:00+05:30,5274.9501953125,5275.0,5274.9501953125,5275.0,26
2021-06-18 11:43:00+05:30,5275.0,5275.0,5265.0498046875,5265.0498046875,27
2021-06-18 11:44:00+05:30,5274.14990234375,5274.9501953125,5274.14990234375,5274.9501953125,22
2021-06-18 11:45:00+05:30,5274.9501953125,5274.9501953125,5274.9501953125,5274.9501953125,17
2021-06-18 11:46:00+05:30,5274.9501953125,5274.9501953125,5267.9501953125,5272.7998046875,61
2021-06-18 11:47:00+05:30,5272.7998046875,5274.9501953125,5272.7998046875,5274.9501953125,16
2021-06-18 11:48:00+05:30,5274.9501953125,5274.9501953125,5268.39990234375,5274.89990234375,20
2021-06-18 11:49:00+05:30,5274.9501953125,5274.9501953125,5274.9501953125,5274.9501953125,23
2021-06-18 11:50:00+05:30,5268.2001953125,5275.0,5268.2001953125,5275.0,31
2021-06-18 11:51:00+05:30,5275.0,5275.0,5275.0,5275.0,18
2021-06-18 11:53:00+05:30,5275.0,5275.0,5272.0,5272.0,19
2021-06-18 11:54:00+05:30,5273.7998046875,5275.2001953125,5273.7998046875,5275.2001953125,4
2021-06-18 11:57:00+05:30,5275.0,5275.0,5275.0,5275.0,8
2021-06-18 11:58:00+05:30,5276.75,5279.5,5276.75,5276.75,18
2021-06-18 12:00:00+05:30,5281.35009765625,5281.35009765625,5281.2998046875,5281.2998046875,0
2021-06-18 12:02:00+05:30,5275.0,5275.0,5275.0,5275.0,4
2021-06-18 12:06:00+05:30,5275.0498046875,5280.75,5275.0498046875,5280.75,5
2021-06-18 12:07:00+05:30,5280.7001953125,5280.85009765625,5280.7001953125,5280.85009765625,3
2021-06-18 12:08:00+05:30,5275.0498046875,5275.0498046875,5275.0498046875,5275.0498046875,1
2021-06-18 12:09:00+05:30,5275.0,5275.0498046875,5275.0,5275.0498046875,6
2021-06-18 12:10:00+05:30,5275.0,5275.0,5275.0,5275.0,4
2021-06-18 12:11:00+05:30,5274.0,5275.0,5274.0,5275.0,7
2021-06-18 12:14:00+05:30,5276.7998046875,5276.7998046875,5276.7998046875,5276.7998046875,0
2021-06-18 12:27:00+05:30,5275.0,5277.39990234375,5275.0,5275.0498046875,17
2021-06-18 12:29:00+05:30,5275.0,5275.0,5270.7001953125,5270.7001953125,18
2021-06-18 12:30:00+05:30,5269.39990234375,5269.39990234375,5251.10009765625,5251.10009765625,49
2021-06-18 12:31:00+05:30,5266.39990234375,5266.39990234375,5253.7001953125,5261.2998046875,117
2021-06-18 12:32:00+05:30,5257.2001953125,5268.75,5257.14990234375,5260.5,28
2021-06-18 12:33:00+05:30,5260.0,5266.0498046875,5253.14990234375,5255.0498046875,31
2021-06-18 12:34:00+05:30,5257.10009765625,5262.25,5253.2001953125,5259.10009765625,22
2021-06-18 12:35:00+05:30,5258.14990234375,5265.75,5254.25,5254.25,25
2021-06-18 12:36:00+05:30,5253.2001953125,5271.64990234375,5253.2001953125,5261.25,40
2021-06-18 12:37:00+05:30,5253.10009765625,5263.25,5253.10009765625,5261.35009765625,27
2021-06-18 12:38:00+05:30,5257.2001953125,5269.7998046875,5253.2998046875,5253.2998046875,26
2021-06-18 12:39:00+05:30,5257.9501953125,5269.5498046875,5257.35009765625,5265.75,27
2021-06-18 12:40:00+05:30,5261.10009765625,5262.25,5253.25,5262.25,37
2021-06-18 12:41:00+05:30,5258.5498046875,5266.9501953125,5254.7998046875,5261.60009765625,32
2021-06-18 12:42:00+05:30,5259.0498046875,5262.0,5253.10009765625,5254.85009765625,28
2021-06-18 12:43:00+05:30,5258.39990234375,5263.0,5255.14990234375,5263.0,26
2021-06-18 12:44:00+05:30,5253.5498046875,5262.85009765625,5253.5498046875,5261.0,27
2021-06-18 12:45:00+05:30,5260.35009765625,5269.0498046875,5254.14990234375,5261.0,25
2021-06-18 12:46:00+05:30,5260.75,5269.7998046875,5253.85009765625,5253.89990234375,33
2021-06-18 12:47:00+05:30,5258.2998046875,5263.89990234375,5253.7001953125,5263.89990234375,26
2021-06-18 12:48:00+05:30,5258.0,5269.75,5253.89990234375,5261.5,28
2021-06-18 12:49:00+05:30,5259.35009765625,5269.2998046875,5255.2001953125,5259.5,40
2021-06-18 12:50:00+05:30,5253.10009765625,5263.0,5253.10009765625,5253.10009765625,27
2021-06-18 12:51:00+05:30,5258.14990234375,5263.0,5255.64990234375,5263.0,28
2021-06-18 12:52:00+05:30,5258.35009765625,5267.35009765625,5253.2998046875,5253.35009765625,29
2021-06-18 12:53:00+05:30,5253.2998046875,5264.0,5253.2998046875,5264.0,26
2021-06-18 12:54:00+05:30,5265.0,5267.64990234375,5253.14990234375,5266.14990234375,29
2021-06-18 12:55:00+05:30,5260.5,5268.5498046875,5256.0498046875,5268.5,31
2021-06-18 12:56:00+05:30,5257.0,5263.4501953125,5253.5498046875,5262.0,28
2021-06-18 12:57:00+05:30,5258.89990234375,5268.35009765625,5254.0,5257.2998046875,47
2021-06-18 12:58:00+05:30,5259.35009765625,5264.9501953125,5254.7998046875,5258.39990234375,27
2021-06-18 12:59:00+05:30,5260.5,5265.0,5260.5,5263.5,31
2021-06-18 13:00:00+05:30,5257.35009765625,5266.2001953125,5255.10009765625,5258.5,26
2021-06-18 13:01:00+05:30,5258.25,5266.14990234375,5258.25,5258.35009765625,34
2021-06-18 13:02:00+05:30,5255.0498046875,5267.75,5255.0498046875,5266.60009765625,32
2021-06-18 13:03:00+05:30,5259.14990234375,5269.2998046875,5255.14990234375,5265.39990234375,29
2021-06-18 13:04:00+05:30,5259.35009765625,5268.39990234375,5257.35009765625,5260.0498046875,37
2021-06-18 13:05:00+05:30,5259.35009765625,5268.2001953125,5257.14990234375,5264.0,50
2021-06-18 13:06:00+05:30,5267.0,5268.0,5260.0,5268.0,37
2021-06-18 13:07:00+05:30,5263.64990234375,5269.7998046875,5261.60009765625,5269.0,28
2021-06-18 13:08:00+05:30,5268.9501953125,5270.7998046875,5261.5,5264.0498046875,28
2021-06-18 13:09:00+05:30,5270.7998046875,5270.7998046875,5264.5,5270.7998046875,29
2021-06-18 13:10:00+05:30,5270.7998046875,5272.9501953125,5265.0,5272.9501953125,27
2021-06-18 13:11:00+05:30,5265.2998046875,5274.7001953125,5265.2998046875,5274.7001953125,31
2021-06-18 13:12:00+05:30,5271.10009765625,5274.7001953125,5267.39990234375,5274.7001953125,29
2021-06-18 13:13:00+05:30,5273.39990234375,5274.7001953125,5264.75,5274.7001953125,28
2021-06-18 13:14:00+05:30,5265.89990234375,5274.7001953125,5257.2998046875,5257.2998046875,42
2021-06-18 13:15:00+05:30,5257.7001953125,5274.4501953125,5257.7001953125,5266.75,54
2021-06-18 13:16:00+05:30,5265.89990234375,5274.7001953125,5265.89990234375,5267.0,98
2021-06-18 13:17:00+05:30,5261.60009765625,5272.89990234375,5261.60009765625,5265.85009765625,13
2021-06-18 13:18:00+05:30,5274.64990234375,5274.7001953125,5266.0,5267.0,35
2021-06-18 13:19:00+05:30,5274.7001953125,5274.7001953125,5267.14990234375,5271.2998046875,32
2021-06-18 13:20:00+05:30,5275.0,5275.25,5267.25,5275.25,17
2021-06-18 13:21:00+05:30,5275.10009765625,5275.25,5266.2001953125,5266.2998046875,30
2021-06-18 13:22:00+05:30,5274.7998046875,5275.0,5267.85009765625,5268.5,32
2021-06-18 13:23:00+05:30,5275.0,5280.0,5275.0,5280.0,4
2021-06-18 13:24:00+05:30,5283.9501953125,5283.9501953125,5283.9501953125,5283.9501953125,1
2021-06-18 13:25:00+05:30,5283.10009765625,5283.10009765625,5272.60009765625,5275.0,23
2021-06-18 13:26:00+05:30,5280.0498046875,5280.0498046875,5280.0498046875,5280.0498046875,2
2021-06-18 13:27:00+05:30,5283.7998046875,5283.7998046875,5275.0,5275.0,5
2021-06-18 13:28:00+05:30,5279.35009765625,5279.35009765625,5279.35009765625,5279.35009765625,1
2021-06-18 13:29:00+05:30,5280.9501953125,5280.9501953125,5280.9501953125,5280.9501953125,1
2021-06-18 13:30:00+05:30,5275.14990234375,5275.14990234375,5275.14990234375,5275.14990234375,2
2021-06-18 13:32:00+05:30,5280.85009765625,5280.85009765625,5275.0498046875,5275.0498046875,3
2021-06-18 13:33:00+05:30,5280.85009765625,5280.85009765625,5275.0498046875,5275.0498046875,2
2021-06-18 13:34:00+05:30,5280.85009765625,5280.85009765625,5280.85009765625,5280.85009765625,1
2021-06-18 13:35:00+05:30,5280.85009765625,5280.85009765625,5280.85009765625,5280.85009765625,1
2021-06-18 13:36:00+05:30,5280.85009765625,5280.85009765625,5280.85009765625,5280.85009765625,1
2021-06-18 13:37:00+05:30,5280.85009765625,5280.85009765625,5280.85009765625,5280.85009765625,0
2021-06-18 13:38:00+05:30,5280.89990234375,5280.89990234375,5280.89990234375,5280.89990234375,7
2021-06-18 13:39:00+05:30,5280.89990234375,5280.89990234375,5275.0498046875,5275.0498046875,3
2021-06-18 13:40:00+05:30,5280.85009765625,5280.85009765625,5278.0498046875,5278.0498046875,3
2021-06-18 13:41:00+05:30,5278.0498046875,5280.85009765625,5276.25,5280.85009765625,6
2021-06-18 13:42:00+05:30,5280.85009765625,5280.85009765625,5276.0,5276.0,2
2021-06-18 13:43:00+05:30,5278.39990234375,5278.39990234375,5278.39990234375,5278.39990234375,1
2021-06-18 13:44:00+05:30,5275.4501953125,5280.85009765625,5275.39990234375,5280.85009765625,5
2021-06-18 13:45:00+05:30,5280.89990234375,5280.89990234375,5280.89990234375,5280.89990234375,1
2021-06-18 13:46:00+05:30,5280.89990234375,5280.89990234375,5280.89990234375,5280.89990234375,1
2021-06-18 13:47:00+05:30,5280.89990234375,5280.89990234375,5280.89990234375,5280.89990234375,1
2021-06-18 13:48:00+05:30,5278.7998046875,5278.7998046875,5278.7998046875,5278.7998046875,1
2021-06-18 13:49:00+05:30,5280.85009765625,5280.85009765625,5275.25,5275.25,2
2021-06-18 13:50:00+05:30,5280.85009765625,5280.85009765625,5280.85009765625,5280.85009765625,1
2021-06-18 13:51:00+05:30,5280.85009765625,5280.85009765625,5280.85009765625,5280.85009765625,0
2021-06-18 13:52:00+05:30,5280.89990234375,5280.89990234375,5280.89990234375,5280.89990234375,2
2021-06-18 13:53:00+05:30,5280.89990234375,5280.89990234375,5280.89990234375,5280.89990234375,1
2021-06-18 13:54:00+05:30,5280.89990234375,5280.89990234375,5275.2998046875,5275.2998046875,3
2021-06-18 13:55:00+05:30,5280.89990234375,5280.89990234375,5280.89990234375,5280.89990234375,1
2021-06-18 13:56:00+05:30,5280.89990234375,5280.89990234375,5276.39990234375,5276.39990234375,9
2021-06-18 13:57:00+05:30,5276.39990234375,5277.9501953125,5276.39990234375,5277.9501953125,2
2021-06-18 13:58:00+05:30,5280.85009765625,5280.89990234375,5275.85009765625,5276.7001953125,19
2021-06-18 13:59:00+05:30,5275.2001953125,5280.85009765625,5275.2001953125,5280.85009765625,1
2021-06-18 14:00:00+05:30,5280.7998046875,5280.7998046875,5280.7998046875,5280.7998046875,1
2021-06-18 14:01:00+05:30,5278.0498046875,5280.2998046875,5278.0498046875,5280.2998046875,4
2021-06-18 14:02:00+05:30,5280.2998046875,5280.2998046875,5275.0,5275.0,14
2021-06-18 14:03:00+05:30,5275.0,5276.39990234375,5275.0,5276.39990234375,22
2021-06-18 14:04:00+05:30,5276.85009765625,5276.85009765625,5275.0,5275.0,70
2021-06-18 14:05:00+05:30,5276.85009765625,5276.85009765625,5276.85009765625,5276.85009765625,1
2021-06-18 14:06:00+05:30,5273.39990234375,5273.39990234375,5271.10009765625,5271.10009765625,55
2021-06-18 14:07:00+05:30,5265.75,5275.60009765625,5265.75,5266.2998046875,57
2021-06-18 14:08:00+05:30,5266.10009765625,5275.0,5266.10009765625,5274.64990234375,49
2021-06-18 14:09:00+05:30,5269.14990234375,5276.75,5267.35009765625,5275.0,23
2021-06-18 14:10:00+05:30,5276.75,5276.75,5275.0,5275.0,4
2021-06-18 14:11:00+05:30,5276.75,5276.75,5270.2001953125,5270.2001953125,44
2021-06-18 14:12:00+05:30,5275.0,5275.85009765625,5267.10009765625,5274.75,55
2021-06-18 14:13:00+05:30,5274.9501953125,5276.2001953125,5274.9501953125,5275.7001953125,37
2021-06-18 14:14:00+05:30,5275.75,5276.5498046875,5275.0,5275.0,52
2021-06-18 14:15:00+05:30,5275.5,5276.85009765625,5269.5,5275.9501953125,81
2021-06-18 14:16:00+05:30,5276.2001953125,5279.14990234375,5275.0,5279.14990234375,111
2021-06-18 14:17:00+05:30,5280.10009765625,5280.4501953125,5275.0,5280.25,44
2021-06-18 14:18:00+05:30,5280.60009765625,5280.7001953125,5266.89990234375,5275.0498046875,81
2021-06-18 14:19:00+05:30,5276.2998046875,5280.89990234375,5275.25,5278.0498046875,27
2021-06-18 14:20:00+05:30,5278.60009765625,5280.89990234375,5275.0,5275.0,36
2021-06-18 14:21:00+05:30,5277.9501953125,5285.5,5277.85009765625,5279.25,35
2021-06-18 14:22:00+05:30,5281.2001953125,5283.0,5275.0,5281.0,32
2021-06-18 14:23:00+05:30,5281.0,5284.25,5276.9501953125,5284.25,35
2021-06-18 14:24:00+05:30,5283.25,5285.75,5279.0,5282.7001953125,38
2021-06-18 14:25:00+05:30,5282.75,5283.7998046875,5275.5,5281.5498046875,51
2021-06-18 14:26:00+05:30,5278.7001953125,5282.9501953125,5275.0498046875,5280.25,28
2021-06-18 14:27:00+05:30,5280.25,5280.25,5275.0,5278.64990234375,79
2021-06-18 14:28:00+05:30,5278.64990234375,5280.39990234375,5275.2001953125,5279.60009765625,30
2021-06-18 14:29:00+05:30,5281.25,5282.4501953125,5275.9501953125,5277.85009765625,43
2021-06-18 14:30:00+05:30,5277.4501953125,5281.0498046875,5277.4501953125,5281.0498046875,25
2021-06-18 14:31:00+05:30,5278.64990234375,5282.39990234375,5275.2001953125,5275.2001953125,61
2021-06-18 14:32:00+05:30,5275.0498046875,5282.60009765625,5275.0498046875,5282.60009765625,33
2021-06-18 14:33:00+05:30,5282.9501953125,5282.9501953125,5275.35009765625,5277.5498046875,76
2021-06-18 14:34:00+05:30,5282.89990234375,5297.0,5280.4501953125,5297.0,76
2021-06-18 14:35:00+05:30,5300.0,5305.89990234375,5292.60009765625,5305.2001953125,173
2021-06-18 14:36:00+05:30,5301.14990234375,5306.14990234375,5285.7998046875,5292.0498046875,44
2021-06-18 14:37:00+05:30,5300.0498046875,5302.5498046875,5288.35009765625,5294.35009765625,79
2021-06-18 14:38:00+05:30,5294.39990234375,5304.25,5294.39990234375,5304.25,39
2021-06-18 14:39:00+05:30,5300.0498046875,5309.75,5300.0498046875,5308.85009765625,35
2021-06-18 14:40:00+05:30,5308.0498046875,5310.0,5292.5,5297.7998046875,73
2021-06-18 14:41:00+05:30,5295.75,5308.39990234375,5288.0,5304.39990234375,35
2021-06-18 14:42:00+05:30,5294.60009765625,5303.2001953125,5288.25,5303.2001953125,45
2021-06-18 14:43:00+05:30,5304.10009765625,5305.39990234375,5291.7998046875,5303.9501953125,34
2021-06-18 14:44:00+05:30,5304.0,5310.0,5298.39990234375,5300.5,36
2021-06-18 14:45:00+05:30,5304.0,5308.85009765625,5300.85009765625,5306.64990234375,31
2021-06-18 14:46:00+05:30,5306.7001953125,5309.0498046875,5297.2001953125,5308.2001953125,40
2021-06-18 14:47:00+05:30,5294.25,5304.4501953125,5291.4501953125,5292.7998046875,31
2021-06-18 14:48:00+05:30,5298.25,5300.2001953125,5287.4501953125,5299.14990234375,31
2021-06-18 14:49:00+05:30,5301.5498046875,5306.4501953125,5291.10009765625,5299.9501953125,37
2021-06-18 14:50:00+05:30,5300.0,5300.0,5291.2001953125,5292.25,89
2021-06-18 14:51:00+05:30,5298.35009765625,5299.89990234375,5290.0,5290.0,34
2021-06-18 14:52:00+05:30,5285.0498046875,5290.0,5285.0498046875,5286.7001953125,29
2021-06-18 14:53:00+05:30,5290.0,5299.9501953125,5287.75,5297.0,50
2021-06-18 14:54:00+05:30,5297.0,5300.0,5290.10009765625,5297.0498046875,27
2021-06-18 14:55:00+05:30,5300.0,5303.89990234375,5288.64990234375,5288.64990234375,35
2021-06-18 14:56:00+05:30,5284.85009765625,5299.35009765625,5284.85009765625,5299.35009765625,33
2021-06-18 14:57:00+05:30,5295.64990234375,5307.9501953125,5285.60009765625,5303.2001953125,28
2021-06-18 14:58:00+05:30,5303.2001953125,5307.9501953125,5296.2998046875,5304.5498046875,33
2021-06-18 14:59:00+05:30,5307.0,5307.14990234375,5300.9501953125,5300.9501953125,38
2021-06-18 15:00:00+05:30,5300.0498046875,5306.0,5291.35009765625,5299.25,80
2021-06-18 15:01:00+05:30,5299.89990234375,5299.89990234375,5291.89990234375,5297.85009765625,39
2021-06-18 15:02:00+05:30,5300.0,5302.2998046875,5294.2998046875,5302.2998046875,40
2021-06-18 15:03:00+05:30,5300.0,5308.5498046875,5290.9501953125,5299.7998046875,131
2021-06-18 15:04:00+05:30,5299.7998046875,5306.89990234375,5298.14990234375,5303.85009765625,44
2021-06-18 15:05:00+05:30,5303.85009765625,5305.25,5299.75,5300.0,56
2021-06-18 15:06:00+05:30,5300.0498046875,5300.85009765625,5294.0498046875,5300.85009765625,31
2021-06-18 15:07:00+05:30,5300.35009765625,5308.35009765625,5299.10009765625,5299.10009765625,48
2021-06-18 15:08:00+05:30,5298.64990234375,5307.89990234375,5298.64990234375,5301.5498046875,33
2021-06-18 15:09:00+05:30,5291.2998046875,5300.64990234375,5291.2998046875,5300.64990234375,39
2021-06-18 15:10:00+05:30,5303.64990234375,5305.2001953125,5297.35009765625,5298.85009765625,55
2021-06-18 15:11:00+05:30,5297.2998046875,5298.35009765625,5295.25,5295.2998046875,89
2021-06-18 15:12:00+05:30,5295.0498046875,5306.9501953125,5290.0,5290.0,67
2021-06-18 15:13:00+05:30,5291.2001953125,5306.0,5291.2001953125,5300.9501953125,50
2021-06-18 15:14:00+05:30,5305.75,5305.89990234375,5293.0,5293.5498046875,63
2021-06-18 15:15:00+05:30,5301.75,5308.0,5294.0,5298.10009765625,36
2021-06-18 15:16:00+05:30,5298.10009765625,5303.39990234375,5291.7998046875,5291.7998046875,61
2021-06-18 15:17:00+05:30,5291.7998046875,5295.60009765625,5284.25,5295.60009765625,43
2021-06-18 15:18:00+05:30,5298.39990234375,5302.5,5292.85009765625,5292.85009765625,64
2021-06-18 15:19:00+05:30,5292.35009765625,5294.85009765625,5282.35009765625,5290.0,61
2021-06-18 15:20:00+05:30,5298.39990234375,5298.39990234375,5281.5498046875,5281.5498046875,56
2021-06-18 15:21:00+05:30,5285.10009765625,5289.75,5285.10009765625,5285.14990234375,56
2021-06-18 15:22:00+05:30,5285.14990234375,5293.60009765625,5281.89990234375,5290.9501953125,52
2021-06-18 15:23:00+05:30,5290.9501953125,5291.5498046875,5290.9501953125,5291.39990234375,55
2021-06-18 15:24:00+05:30,5291.5498046875,5291.64990234375,5281.9501953125,5291.64990234375,56
2021-06-18 15:25:00+05:30,5291.60009765625,5291.60009765625,5290.0498046875,5290.5498046875,50
2021-06-18 15:26:00+05:30,5291.64990234375,5298.2998046875,5291.64990234375,5298.2998046875,36
2021-06-18 15:27:00+05:30,5298.2001953125,5298.2001953125,5281.0,5293.9501953125,101
2021-06-18 15:28:00+05:30,5294.0,5297.0498046875,5283.10009765625,5283.10009765625,44
2021-06-18 15:29:00+05:30,5283.14990234375,5303.0,5283.14990234375,5296.89990234375,6
